[
{
    "pk": 6, 
    "model": "bier.kiosk", 
    "fields": {
        "city": "Dortmund", 
        "description": "", 
        "created": null, 
        "number": "156", 
        "geo_lat": "51.5311840000", 
        "geo_long": "7.4553310000", 
        "street": "Uhlandstra\u00dfe", 
        "is_valid_address": false, 
        "owner": "", 
        "zip_code": "44147", 
        "name": "Uhlandstra\u00dfe 156"
    }
},
{
    "pk": 9, 
    "model": "bier.kiosk", 
    "fields": {
        "city": "Dortmund", 
        "description": "", 
        "created": "2013-03-29T20:22:22Z", 
        "number": "329", 
        "geo_lat": "51.5242362000", 
        "geo_long": "7.4453596000", 
        "street": "Mallinckrodtstra\u00dfe", 
        "is_valid_address": true, 
        "owner": "", 
        "zip_code": "44147", 
        "name": "Mallinckrodtstra\u00dfe 329"
    }
},
{
    "pk": 10, 
    "model": "bier.kiosk", 
    "fields": {
        "city": "Dortmund", 
        "description": "", 
        "created": "2013-03-29T20:37:28Z", 
        "number": "118", 
        "geo_lat": "51.5244502000", 
        "geo_long": "7.4626928000", 
        "street": "Mallinckrodtstra\u00dfe", 
        "is_valid_address": true, 
        "owner": "", 
        "zip_code": "44145", 
        "name": "Mallinckrodtstra\u00dfe 118"
    }
},
{
    "pk": 18, 
    "model": "bier.kiosk", 
    "fields": {
        "city": "Dortmund", 
        "description": "", 
        "created": "2013-03-30T13:20:54Z", 
        "number": "39", 
        "geo_lat": "51.5165933000", 
        "geo_long": "7.4653962000", 
        "street": "Br\u00fcckstra\u00dfe", 
        "is_valid_address": true, 
        "owner": null, 
        "zip_code": "44135", 
        "name": "Br\u00fcckstra\u00dfe 39"
    }
},
{
    "pk": 29, 
    "model": "bier.kiosk", 
    "fields": {
        "city": "Dortmund", 
        "description": "", 
        "created": "2013-03-30T19:59:48Z", 
        "number": "201", 
        "geo_lat": "51.5140900000", 
        "geo_long": "7.4978900000", 
        "street": "Kaiserstra\u00dfe", 
        "is_valid_address": true, 
        "owner": "", 
        "zip_code": "44143", 
        "name": "Kaiserstra\u00dfe 201"
    }
},
{
    "pk": 33, 
    "model": "bier.kiosk", 
    "fields": {
        "city": "Dortmund", 
        "description": "", 
        "created": "2013-04-15T20:31:30Z", 
        "number": "20", 
        "geo_lat": "51.5183680000", 
        "geo_long": "7.4691892000", 
        "street": "Bornstra\u00dfe", 
        "is_valid_address": false, 
        "owner": "", 
        "zip_code": "44135", 
        "name": "Bornstra\u00dfe 20"
    }
},
{
    "pk": 34, 
    "model": "bier.kiosk", 
    "fields": {
        "city": "Dortmund", 
        "description": "", 
        "created": "2013-04-22T16:54:57Z", 
        "number": "24", 
        "geo_lat": null, 
        "geo_long": null, 
        "street": "Bergmannstra\u00dfe", 
        "is_valid_address": false, 
        "owner": "", 
        "zip_code": "44145", 
        "name": "Bergmannstra\u00dfe 24"
    }
},
{
    "pk": 35, 
    "model": "bier.kiosk", 
    "fields": {
        "city": "Dortmund", 
        "description": "", 
        "created": "2013-04-22T17:40:32Z", 
        "number": "13", 
        "geo_lat": null, 
        "geo_long": null, 
        "street": "Herderstrasse", 
        "is_valid_address": false, 
        "owner": "", 
        "zip_code": "44147", 
        "name": "Herderstrasse 13"
    }
},
{
    "pk": 36, 
    "model": "bier.kiosk", 
    "fields": {
        "city": "Dortmund", 
        "description": "", 
        "created": "2013-04-22T17:41:53Z", 
        "number": "28", 
        "geo_lat": null, 
        "geo_long": null, 
        "street": "Herderstra\u00dfe", 
        "is_valid_address": false, 
        "owner": "", 
        "zip_code": "44147", 
        "name": "Herderstra\u00dfe 28"
    }
},
{
    "pk": 37, 
    "model": "bier.kiosk", 
    "fields": {
        "city": "Dortmund", 
        "description": "", 
        "created": "2013-04-22T17:42:47Z", 
        "number": "14", 
        "geo_lat": null, 
        "geo_long": null, 
        "street": "Haydnstra\u00dfe", 
        "is_valid_address": false, 
        "owner": "", 
        "zip_code": "44147", 
        "name": "Haydnstra\u00dfe 14"
    }
},
{
    "pk": 38, 
    "model": "bier.kiosk", 
    "fields": {
        "city": "Dortmund", 
        "description": "", 
        "created": "2013-04-22T17:43:07Z", 
        "number": "50", 
        "geo_lat": null, 
        "geo_long": null, 
        "street": "Schillerstra\u00dfe", 
        "is_valid_address": false, 
        "owner": "", 
        "zip_code": "44147", 
        "name": "Schillerstra\u00dfe 50"
    }
},
{
    "pk": 39, 
    "model": "bier.kiosk", 
    "fields": {
        "city": "Dortmund", 
        "description": "", 
        "created": "2013-04-22T17:44:29Z", 
        "number": "151", 
        "geo_lat": null, 
        "geo_long": null, 
        "street": "Mallinckrodtstra\u00dfe", 
        "is_valid_address": false, 
        "owner": "", 
        "zip_code": "44147", 
        "name": "Mallinckrodtstra\u00dfe 151"
    }
},
{
    "pk": 40, 
    "model": "bier.kiosk", 
    "fields": {
        "city": "Dortmund", 
        "description": "", 
        "created": "2013-04-22T17:45:11Z", 
        "number": "101", 
        "geo_lat": null, 
        "geo_long": null, 
        "street": "Mallinckrodtstra\u00dfe", 
        "is_valid_address": false, 
        "owner": "", 
        "zip_code": "44145", 
        "name": "Mallinckrodtstra\u00dfe 101"
    }
},
{
    "pk": 41, 
    "model": "bier.kiosk", 
    "fields": {
        "city": "Dortmund", 
        "description": "", 
        "created": "2013-04-22T17:45:40Z", 
        "number": "41", 
        "geo_lat": null, 
        "geo_long": null, 
        "street": "Haydnstra\u00dfe", 
        "is_valid_address": false, 
        "owner": "", 
        "zip_code": "44147", 
        "name": "Haydnstra\u00dfe 41"
    }
},
{
    "pk": 42, 
    "model": "bier.kiosk", 
    "fields": {
        "city": "Dortmund", 
        "description": "", 
        "created": "2013-04-22T17:46:28Z", 
        "number": "149", 
        "geo_lat": null, 
        "geo_long": null, 
        "street": "M\u00fcnsterstra\u00dfe", 
        "is_valid_address": false, 
        "owner": "", 
        "zip_code": "44145", 
        "name": "M\u00fcnsterstra\u00dfe 149"
    }
},
{
    "pk": 43, 
    "model": "bier.kiosk", 
    "fields": {
        "city": "Dortmund", 
        "description": "", 
        "created": "2013-04-22T17:47:08Z", 
        "number": "26", 
        "geo_lat": null, 
        "geo_long": null, 
        "street": "Schubertstra\u00dfe", 
        "is_valid_address": false, 
        "owner": "", 
        "zip_code": "44145", 
        "name": "Schubertstra\u00dfe 26"
    }
},
{
    "pk": 44, 
    "model": "bier.kiosk", 
    "fields": {
        "city": "Dortmund", 
        "description": "", 
        "created": "2013-04-22T17:47:48Z", 
        "number": "15", 
        "geo_lat": null, 
        "geo_long": null, 
        "street": "Lortzingstra\u00dfe", 
        "is_valid_address": false, 
        "owner": "", 
        "zip_code": "44145", 
        "name": "Lortzingstra\u00dfe 15"
    }
},
{
    "pk": 45, 
    "model": "bier.kiosk", 
    "fields": {
        "city": "Dortmund", 
        "description": "", 
        "created": "2013-04-22T17:48:38Z", 
        "number": "6", 
        "geo_lat": null, 
        "geo_long": null, 
        "street": "Lortzingstra\u00dfe", 
        "is_valid_address": false, 
        "owner": "", 
        "zip_code": "44145", 
        "name": "Lortzingstra\u00dfe 6"
    }
},
{
    "pk": 46, 
    "model": "bier.kiosk", 
    "fields": {
        "city": "Dortmund", 
        "description": "", 
        "created": "2013-04-22T17:49:01Z", 
        "number": "42", 
        "geo_lat": null, 
        "geo_long": null, 
        "street": "Burgholzstra\u00dfe", 
        "is_valid_address": false, 
        "owner": "", 
        "zip_code": "44145", 
        "name": "Burgholzstra\u00dfe 42"
    }
},
{
    "pk": 47, 
    "model": "bier.kiosk", 
    "fields": {
        "city": "Dortmund", 
        "description": "", 
        "created": "2013-04-22T17:49:55Z", 
        "number": "25", 
        "geo_lat": null, 
        "geo_long": null, 
        "street": "Braunschweigerstra\u00dfe", 
        "is_valid_address": false, 
        "owner": "", 
        "zip_code": "44145", 
        "name": "Braunschweigerstra\u00dfe 25"
    }
},
{
    "pk": 48, 
    "model": "bier.kiosk", 
    "fields": {
        "city": "Dortmund", 
        "description": "", 
        "created": "2013-04-22T17:51:24Z", 
        "number": "166", 
        "geo_lat": null, 
        "geo_long": null, 
        "street": "M\u00fcnsterstra\u00dfe", 
        "is_valid_address": false, 
        "owner": "", 
        "zip_code": "44145", 
        "name": "M\u00fcnsterstra\u00dfe 166"
    }
},
{
    "pk": 49, 
    "model": "bier.kiosk", 
    "fields": {
        "city": "Dortmund", 
        "description": "", 
        "created": "2013-04-22T17:52:03Z", 
        "number": "126", 
        "geo_lat": null, 
        "geo_long": null, 
        "street": "Uhlandstra\u00dfe", 
        "is_valid_address": false, 
        "owner": "", 
        "zip_code": "44147", 
        "name": "Uhlandstra\u00dfe 126"
    }
},
{
    "pk": 50, 
    "model": "bier.kiosk", 
    "fields": {
        "city": "Dortmund", 
        "description": "", 
        "created": "2013-04-22T17:53:07Z", 
        "number": "251", 
        "geo_lat": null, 
        "geo_long": null, 
        "street": "M\u00fcnsterstra\u00dfe", 
        "is_valid_address": false, 
        "owner": "", 
        "zip_code": "44145", 
        "name": "M\u00fcnsterstra\u00dfe 251"
    }
},
{
    "pk": 51, 
    "model": "bier.kiosk", 
    "fields": {
        "city": "Dortmund", 
        "description": "", 
        "created": "2013-04-22T17:53:53Z", 
        "number": "34", 
        "geo_lat": null, 
        "geo_long": null, 
        "street": "Gut-Heil-Strasse", 
        "is_valid_address": false, 
        "owner": "", 
        "zip_code": "44145", 
        "name": "Gut-Heil-Strasse 34"
    }
},
{
    "pk": 52, 
    "model": "bier.kiosk", 
    "fields": {
        "city": "Dortmund", 
        "description": "", 
        "created": "2013-04-22T17:54:25Z", 
        "number": "144", 
        "geo_lat": null, 
        "geo_long": null, 
        "street": "Uhlandstrasse", 
        "is_valid_address": false, 
        "owner": "", 
        "zip_code": "44147", 
        "name": "Uhlandstrasse 144"
    }
},
{
    "pk": 53, 
    "model": "bier.kiosk", 
    "fields": {
        "city": "Dortmund", 
        "description": "", 
        "created": "2013-04-22T17:54:51Z", 
        "number": "215", 
        "geo_lat": null, 
        "geo_long": null, 
        "street": "Sch\u00fctzenstra\u00dfe", 
        "is_valid_address": false, 
        "owner": "", 
        "zip_code": "44147", 
        "name": "Sch\u00fctzenstra\u00dfe 215"
    }
},
{
    "pk": 54, 
    "model": "bier.kiosk", 
    "fields": {
        "city": "Dortmund", 
        "description": "", 
        "created": "2013-04-22T17:55:15Z", 
        "number": "169", 
        "geo_lat": null, 
        "geo_long": null, 
        "street": "Uhlandstrasse", 
        "is_valid_address": false, 
        "owner": "", 
        "zip_code": "44147", 
        "name": "Uhlandstrasse 169"
    }
},
{
    "pk": 55, 
    "model": "bier.kiosk", 
    "fields": {
        "city": "Musterstadt", 
        "description": "", 
        "created": "2013-05-15T22:10:26Z", 
        "number": "123", 
        "geo_lat": "50.5100000000", 
        "geo_long": "7.4900000000", 
        "street": "Musterstra\u00dfe", 
        "is_valid_address": true, 
        "owner": "", 
        "zip_code": "12345", 
        "name": "Musterstra\u00dfe 123"
    }
},
{
    "pk": 5, 
    "model": "bier.beer", 
    "fields": {
        "brew": "pils", 
        "brand": "Brinkhoff's Brauerei", 
        "name": " Brinkhoff's ", 
        "location": " Dortmund"
    }
},
{
    "pk": 6, 
    "model": "bier.beer", 
    "fields": {
        "brew": "pils", 
        "brand": "Hansa", 
        "name": "Hansa Pils", 
        "location": "Dortmund"
    }
},
{
    "pk": 7, 
    "model": "bier.beer", 
    "fields": {
        "brew": "pils", 
        "brand": "Hansa", 
        "name": "Hansa Export", 
        "location": "Dortmund"
    }
},
{
    "pk": 8, 
    "model": "bier.beer", 
    "fields": {
        "brew": "pils", 
        "brand": "Kronen", 
        "name": "Kronen Pils", 
        "location": "Dortmund"
    }
},
{
    "pk": 9, 
    "model": "bier.beer", 
    "fields": {
        "brew": "pils", 
        "brand": "Kronen", 
        "name": "Kronen Export", 
        "location": "Dortmund"
    }
},
{
    "pk": 10, 
    "model": "bier.beer", 
    "fields": {
        "brew": "pils", 
        "brand": "Stifts", 
        "name": "Stifts Pils", 
        "location": "Dortmund"
    }
},
{
    "pk": 11, 
    "model": "bier.beer", 
    "fields": {
        "brew": "pils", 
        "brand": "Thier", 
        "name": "Thier Pils", 
        "location": "Dortmund"
    }
},
{
    "pk": 12, 
    "model": "bier.beer", 
    "fields": {
        "brew": "pils", 
        "brand": "Union", 
        "name": "Siegel Pils", 
        "location": "Dortmund"
    }
},
{
    "pk": 13, 
    "model": "bier.beer", 
    "fields": {
        "brew": "pils", 
        "brand": "H\u00f6vels", 
        "name": "H\u00f6vels Original", 
        "location": "Dortmund"
    }
},
{
    "pk": 14, 
    "model": "bier.beer", 
    "fields": {
        "brew": "pils", 
        "brand": "Clarissen", 
        "name": "Clarissen Alt", 
        "location": "Dortmund"
    }
},
{
    "pk": 15, 
    "model": "bier.beer", 
    "fields": {
        "brew": "pils", 
        "brand": "Fiege", 
        "name": " Fiege Pils", 
        "location": "Bochum"
    }
},
{
    "pk": 16, 
    "model": "bier.beer", 
    "fields": {
        "brew": "pils", 
        "brand": "Drinks Union", 
        "name": "Breznak", 
        "location": "\u00dast\u00ed nad Labem, B\u00f6hmen, CZ"
    }
},
{
    "pk": 17, 
    "model": "bier.beer", 
    "fields": {
        "brew": "pils", 
        "brand": "B\u00f6lkstoff Vertriebs GmbH", 
        "name": "B\u00f6lkstoff", 
        "location": "Flensburg"
    }
},
{
    "pk": 18, 
    "model": "bier.beer", 
    "fields": {
        "brew": "weizen", 
        "brand": "Carlsberg", 
        "name": "Carlsberg Elephant", 
        "location": "Hamburg"
    }
},
{
    "pk": 19, 
    "model": "bier.beer", 
    "fields": {
        "brew": "pils", 
        "brand": "Plze\u0148sk\u00fd Prazdroj", 
        "name": "Gambrinus", 
        "location": "Pilsen, CZ"
    }
},
{
    "pk": 20, 
    "model": "bier.beer", 
    "fields": {
        "brew": "pils", 
        "brand": "Plze\u0148sk\u00fd Prazdroj", 
        "name": "Pilsener Urquell", 
        "location": "Pilsen, CZ"
    }
},
{
    "pk": 21, 
    "model": "bier.beer", 
    "fields": {
        "brew": "pils", 
        "brand": "Brauerei Beck", 
        "name": "Beck's", 
        "location": "Bremen"
    }
},
{
    "pk": 22, 
    "model": "bier.beer", 
    "fields": {
        "brew": "pils", 
        "brand": "Wernesgr\u00fcner Brauerei", 
        "name": "Wernesgr\u00fcner", 
        "location": "Wernesgr\u00fcn"
    }
},
{
    "pk": 23, 
    "model": "bier.beer", 
    "fields": {
        "brew": "pils", 
        "brand": "Alg\u00e4uer Brauhaus AG", 
        "name": "Altenm\u00fcnster", 
        "location": "Kempten"
    }
},
{
    "pk": 24, 
    "model": "bier.beer", 
    "fields": {
        "brew": "pils", 
        "brand": "Privatbrauerei Bolten", 
        "name": "Bolten Helles", 
        "location": "Korschenbroich"
    }
},
{
    "pk": 25, 
    "model": "bier.beer", 
    "fields": {
        "brew": "pils", 
        "brand": "Guinness", 
        "name": "Kilkenny", 
        "location": "Dublin, IRL"
    }
},
{
    "pk": 26, 
    "model": "bier.beer", 
    "fields": {
        "brew": "pils", 
        "brand": "Guinness", 
        "name": "Guinness Extra Stout", 
        "location": "Dublin, IRL"
    }
},
{
    "pk": 27, 
    "model": "bier.beer", 
    "fields": {
        "brew": "pils", 
        "brand": "K\u00f6stritzer Schwarzbierbrauerei", 
        "name": "K\u00f6stritzer", 
        "location": "Bad K\u00f6stritz"
    }
},
{
    "pk": 28, 
    "model": "bier.beer", 
    "fields": {
        "brew": "pils", 
        "brand": "\u017bywiec Brauerei", 
        "name": "Warka", 
        "location": "\u017bywiec, PL"
    }
},
{
    "pk": 29, 
    "model": "bier.beer", 
    "fields": {
        "brew": "pils", 
        "brand": "Bud\u011bjovick\u00fd Budvar", 
        "name": "Budweiser Budvar", 
        "location": "Budweis, CZ"
    }
},
{
    "pk": 30, 
    "model": "bier.beer", 
    "fields": {
        "brew": "pils", 
        "brand": "Royal Unibrew", 
        "name": "Faxe", 
        "location": "Fakse, DEN"
    }
},
{
    "pk": 31, 
    "model": "bier.beer", 
    "fields": {
        "brew": "pils", 
        "brand": "Duff", 
        "name": "Duff", 
        "location": "Gotha"
    }
},
{
    "pk": 32, 
    "model": "bier.beer", 
    "fields": {
        "brew": "pils", 
        "brand": "Sagres", 
        "name": "Sagres", 
        "location": "Vila Franca de Xira, P"
    }
},
{
    "pk": 33, 
    "model": "bier.beer", 
    "fields": {
        "brew": "pils", 
        "brand": "L\u00f6wenbr\u00e4u", 
        "name": "L\u00f6wenbr\u00e4u", 
        "location": "M\u00fcnchen"
    }
},
{
    "pk": 34, 
    "model": "bier.beer", 
    "fields": {
        "brew": "pils", 
        "brand": "Warsteiner Brauerei", 
        "name": "Warsteiner", 
        "location": "Warstein"
    }
},
{
    "pk": 35, 
    "model": "bier.beer", 
    "fields": {
        "brew": "pils", 
        "brand": "Bayreuther Bierbrauerei AG", 
        "name": "Zwick'l Kellerbier", 
        "location": "Bayreuth"
    }
},
{
    "pk": 36, 
    "model": "bier.beer", 
    "fields": {
        "brew": "pils", 
        "brand": "Weisses Br\u00e4uhaus G. Schneider & Sohn GmbH", 
        "name": "Schneider Weisse", 
        "location": "M\u00fcnchen"
    }
},
{
    "pk": 37, 
    "model": "bier.beer", 
    "fields": {
        "brew": "pils", 
        "brand": "Pott's Brauerei", 
        "name": "Pott's Landbier", 
        "location": "Oelden"
    }
},
{
    "pk": 38, 
    "model": "bier.beer", 
    "fields": {
        "brew": "pils", 
        "brand": "Holsten-Brauerei", 
        "name": "Holsten", 
        "location": "Hamburg"
    }
},
{
    "pk": 39, 
    "model": "bier.beer", 
    "fields": {
        "brew": "pils", 
        "brand": "Brauerei K\u00f6nigshof", 
        "name": "Landf\u00fcrst", 
        "location": "Krefeld Fischeln"
    }
},
{
    "pk": 40, 
    "model": "bier.beer", 
    "fields": {
        "brew": "pils", 
        "brand": "Holsten Brauerei", 
        "name": "Astra", 
        "location": "Hamburg"
    }
},
{
    "pk": 41, 
    "model": "bier.beer", 
    "fields": {
        "brew": "pils", 
        "brand": "Holsten Brauerei", 
        "name": "Astra Rotlicht", 
        "location": "Hamburg"
    }
},
{
    "pk": 42, 
    "model": "bier.beer", 
    "fields": {
        "brew": "pils", 
        "brand": "Anadolu Efes", 
        "name": "Efes", 
        "location": "\u0130zmir, T\u00dcR"
    }
},
{
    "pk": 43, 
    "model": "bier.beer", 
    "fields": {
        "brew": "pils", 
        "brand": "Brasserie Fischer", 
        "name": "Desperados", 
        "location": "Schiltigheim"
    }
},
{
    "pk": 44, 
    "model": "bier.beer", 
    "fields": {
        "brew": "pils", 
        "brand": "Bitburger Brauerei", 
        "name": "Bitburger", 
        "location": "Bitburg"
    }
},
{
    "pk": 45, 
    "model": "bier.beer", 
    "fields": {
        "brew": "pils", 
        "brand": "Kompania Piwowarska", 
        "name": "Lech", 
        "location": "Poznan, PL"
    }
},
{
    "pk": 46, 
    "model": "bier.beer", 
    "fields": {
        "brew": "pils", 
        "brand": "Browary Warka", 
        "name": "Strong", 
        "location": "Saybusch, Oberschlesien, PL"
    }
},
{
    "pk": 47, 
    "model": "bier.beer", 
    "fields": {
        "brew": "pils", 
        "brand": "Tyskie Brauerei", 
        "name": "Tyskie", 
        "location": "Tychy, Oberschlesien, PL"
    }
},
{
    "pk": 48, 
    "model": "bier.beer", 
    "fields": {
        "brew": "pils", 
        "brand": "Oettinger Brauerei", 
        "name": "Oettinger", 
        "location": "Oetting"
    }
},
{
    "pk": 49, 
    "model": "bier.beer", 
    "fields": {
        "brew": "pils", 
        "brand": "Privatbrauerei Jacob Stauder ", 
        "name": "Stauder", 
        "location": "Essen"
    }
},
{
    "pk": 50, 
    "model": "bier.beer", 
    "fields": {
        "brew": "pils", 
        "brand": "Privatbrauerei Br\u00fcgerbr\u00e4u", 
        "name": "Alpenstoff", 
        "location": "Bad Reichenhall"
    }
},
{
    "pk": 51, 
    "model": "bier.beer", 
    "fields": {
        "brew": "pils", 
        "brand": "Dortmunder Actien-Brauerei", 
        "name": "DAB", 
        "location": "Dortmund"
    }
},
{
    "pk": 52, 
    "model": "bier.beer", 
    "fields": {
        "brew": "pils", 
        "brand": "Spaten-Franziskaner-Br\u00e4u", 
        "name": "Franziskaner", 
        "location": "M\u00fcnchen"
    }
},
{
    "pk": 53, 
    "model": "bier.beer", 
    "fields": {
        "brew": "pils", 
        "brand": "Wick\u00fcler Brauerei", 
        "name": "Wick\u00fcler", 
        "location": "Dortmund"
    }
},
{
    "pk": 54, 
    "model": "bier.beer", 
    "fields": {
        "brew": "pils", 
        "brand": "Bergmann Brauerei", 
        "name": "Bergmann Pils", 
        "location": "Dortmund"
    }
},
{
    "pk": 55, 
    "model": "bier.beer", 
    "fields": {
        "brew": "pils", 
        "brand": "Bergmann Brauerei", 
        "name": "Bergmann Spezial II", 
        "location": "Dortmund"
    }
},
{
    "pk": 56, 
    "model": "bier.beer", 
    "fields": {
        "brew": "export", 
        "brand": "Bergmann Brauerei", 
        "name": "Bergmann Export II", 
        "location": "Dortmund"
    }
},
{
    "pk": 57, 
    "model": "bier.beer", 
    "fields": {
        "brew": "pils", 
        "brand": "Bergmann Brauerei", 
        "name": "Bergmann Schwarzbier", 
        "location": "Dortmund"
    }
},
{
    "pk": 58, 
    "model": "bier.beer", 
    "fields": {
        "brew": "export", 
        "brand": "Spaten-Franziskaner-Br\u00e4u", 
        "name": "Spaten Helles", 
        "location": "M\u00fcnchen"
    }
},
{
    "pk": 59, 
    "model": "bier.beer", 
    "fields": {
        "brew": "pils", 
        "brand": "Grupo Modelo", 
        "name": "Corona", 
        "location": "Mexiko"
    }
},
{
    "pk": 60, 
    "model": "bier.beer", 
    "fields": {
        "brew": "pils", 
        "brand": "F\u00f6rster & Brecker", 
        "name": "Gutsherren", 
        "location": "Hameln"
    }
},
{
    "pk": 61, 
    "model": "bier.beer", 
    "fields": {
        "brew": "export", 
        "brand": "Union", 
        "name": "Union", 
        "location": "Dortmund"
    }
},
{
    "pk": 62, 
    "model": "bier.beer", 
    "fields": {
        "brew": "pils", 
        "brand": "Flensburger Brauerei Emil Petersen", 
        "name": "Flensburger", 
        "location": "Flensburg"
    }
},
{
    "pk": 63, 
    "model": "bier.beer", 
    "fields": {
        "brew": "pils", 
        "brand": "Krombacher Brauerei", 
        "name": "Krombacher", 
        "location": "Kreuztal"
    }
},
{
    "pk": 64, 
    "model": "bier.beer", 
    "fields": {
        "brew": "pils", 
        "brand": "K\u00f6nig Brauerei", 
        "name": "K\u00f6nig Pilsener", 
        "location": "Duisburg"
    }
},
{
    "pk": 65, 
    "model": "bier.beer", 
    "fields": {
        "brew": "pils", 
        "brand": "Karlsberg Brauerei", 
        "name": "Karlsberg Mixery", 
        "location": "Homburg"
    }
},
{
    "pk": 66, 
    "model": "bier.beer", 
    "fields": {
        "brew": "pils", 
        "brand": "Brauerei Beck", 
        "name": "Beck's Gold", 
        "location": "Bremen"
    }
},
{
    "pk": 1, 
    "model": "bier.comment", 
    "fields": {
        "comment": "\u00fcmlaut im Kommentar ", 
        "name": "kai", 
        "created": "2013-03-29T21:58:53Z"
    }
},
{
    "pk": 2, 
    "model": "bier.comment", 
    "fields": {
        "comment": "\u00f6\u00f6h kein Plan ", 
        "name": "\u00fcbergeil", 
        "created": "2013-03-29T22:01:10Z"
    }
},
{
    "pk": 3, 
    "model": "bier.comment", 
    "fields": {
        "comment": "toller Kiosk.", 
        "name": "kai", 
        "created": "2013-03-30T00:14:48Z"
    }
},
{
    "pk": 4, 
    "model": "bier.comment", 
    "fields": {
        "comment": "der ber\u00fchmte bruckstrassen Kiosk. legend\u00e4r! ", 
        "name": "kai der hai", 
        "created": "2013-03-30T13:29:00Z"
    }
},
{
    "pk": 5, 
    "model": "bier.comment", 
    "fields": {
        "comment": "noch EU Kommentar ", 
        "name": "kai", 
        "created": "2013-03-30T13:33:09Z"
    }
},
{
    "pk": 6, 
    "model": "bier.comment", 
    "fields": {
        "comment": "Kommentar ", 
        "name": "hoest", 
        "created": "2013-03-30T13:35:00Z"
    }
},
{
    "pk": 7, 
    "model": "bier.comment", 
    "fields": {
        "comment": "Blabla", 
        "name": "ich", 
        "created": "2013-03-30T14:11:00Z"
    }
},
{
    "pk": 8, 
    "model": "bier.comment", 
    "fields": {
        "comment": "hier wohnt der Kaiser.", 
        "name": "kai", 
        "created": "2013-04-08T21:46:09Z"
    }
},
{
    "pk": 9, 
    "model": "bier.comment", 
    "fields": {
        "comment": "is auch teuer und so.", 
        "name": "kai", 
        "created": "2013-04-10T17:26:43Z"
    }
},
{
    "pk": 10, 
    "model": "bier.comment", 
    "fields": {
        "comment": "mehr Test input", 
        "name": "nutzer", 
        "created": "2013-04-10T17:32:19Z"
    }
},
{
    "pk": 11, 
    "model": "bier.comment", 
    "fields": {
        "comment": "lecker!", 
        "name": "hans a", 
        "created": "2013-04-15T20:32:30Z"
    }
},
{
    "pk": 12, 
    "model": "bier.comment", 
    "fields": {
        "comment": "ein Test komme gar.", 
        "name": "test", 
        "created": "2013-04-19T15:07:53Z"
    }
},
{
    "pk": 13, 
    "model": "bier.comment", 
    "fields": {
        "comment": "djdjdjdjdjdjf", 
        "name": "shdhd", 
        "created": "2013-04-19T15:10:55Z"
    }
},
{
    "pk": 14, 
    "model": "bier.comment", 
    "fields": {
        "comment": "ein leckere kuchen", 
        "name": "ganymed", 
        "created": "2013-04-19T15:11:59Z"
    }
},
{
    "pk": 15, 
    "model": "bier.comment", 
    "fields": {
        "comment": "fuhgd mir Drehung.", 
        "name": "fdfgh", 
        "created": "2013-04-19T15:12:30Z"
    }
},
{
    "pk": 16, 
    "model": "bier.comment", 
    "fields": {
        "comment": "leckere rests", 
        "name": "mehr", 
        "created": "2013-04-19T15:16:34Z"
    }
},
{
    "pk": 17, 
    "model": "bier.comment", 
    "fields": {
        "comment": "mehr Test ", 
        "name": "sjhs", 
        "created": "2013-04-19T15:17:56Z"
    }
},
{
    "pk": 18, 
    "model": "bier.comment", 
    "fields": {
        "comment": "jetzt mit Drehung ", 
        "name": "tgoeszeb", 
        "created": "2013-04-19T15:18:13Z"
    }
},
{
    "pk": 19, 
    "model": "bier.comment", 
    "fields": {
        "comment": "twstewb das dingyyy", 
        "name": "restee", 
        "created": "2013-04-21T13:19:30Z"
    }
},
{
    "pk": 20, 
    "model": "bier.comment", 
    "fields": {
        "comment": "Zander", 
        "name": "Zander", 
        "created": "2013-04-22T17:26:43Z"
    }
},
{
    "pk": 3, 
    "model": "bier.beerprice", 
    "fields": {
        "created": "2013-04-21T18:31:52Z", 
        "price": 150, 
        "kiosk": 18, 
        "modified": "2013-04-21T18:31:52Z", 
        "beer": 11, 
        "score": 0.0, 
        "size": 0.5
    }
},
{
    "pk": 12, 
    "model": "bier.beerprice", 
    "fields": {
        "created": "2013-03-13T13:49:54Z", 
        "price": 50, 
        "kiosk": 6, 
        "modified": "2013-04-10T15:58:50Z", 
        "beer": 6, 
        "score": 0.0, 
        "size": 0.5
    }
},
{
    "pk": 13, 
    "model": "bier.beerprice", 
    "fields": {
        "created": "2013-03-13T13:49:56Z", 
        "price": 50, 
        "kiosk": 6, 
        "modified": "2013-04-12T16:46:42Z", 
        "beer": 7, 
        "score": 0.0, 
        "size": 0.5
    }
},
{
    "pk": 14, 
    "model": "bier.beerprice", 
    "fields": {
        "created": "2013-03-30T19:59:48Z", 
        "price": 60, 
        "kiosk": 29, 
        "modified": "2013-04-21T13:20:02Z", 
        "beer": 6, 
        "score": 0.0, 
        "size": 0.5
    }
},
{
    "pk": 15, 
    "model": "bier.beerprice", 
    "fields": {
        "created": "2013-03-30T19:59:48Z", 
        "price": 50, 
        "kiosk": 29, 
        "modified": "2013-04-08T19:29:12Z", 
        "beer": 7, 
        "score": 0.0, 
        "size": 0.5
    }
},
{
    "pk": 16, 
    "model": "bier.beerprice", 
    "fields": {
        "created": "2013-04-08T19:15:48Z", 
        "price": 100, 
        "kiosk": 18, 
        "modified": "2013-04-10T16:21:46Z", 
        "beer": 8, 
        "score": 0.0, 
        "size": 0.5
    }
},
{
    "pk": 17, 
    "model": "bier.beerprice", 
    "fields": {
        "created": "2013-04-08T19:19:05Z", 
        "price": 100, 
        "kiosk": 18, 
        "modified": "2013-04-10T16:21:37Z", 
        "beer": 9, 
        "score": 0.0, 
        "size": 0.5
    }
},
{
    "pk": 18, 
    "model": "bier.beerprice", 
    "fields": {
        "created": "2013-04-08T19:20:41Z", 
        "price": 60, 
        "kiosk": 10, 
        "modified": "2013-04-13T21:25:50Z", 
        "beer": 6, 
        "score": 0.0, 
        "size": 0.5
    }
},
{
    "pk": 19, 
    "model": "bier.beerprice", 
    "fields": {
        "created": "2013-04-08T19:29:37Z", 
        "price": 50, 
        "kiosk": 9, 
        "modified": "2013-04-11T13:52:11Z", 
        "beer": 6, 
        "score": 0.0, 
        "size": 0.5
    }
},
{
    "pk": 20, 
    "model": "bier.beerprice", 
    "fields": {
        "created": "2013-04-08T19:31:48Z", 
        "price": 60, 
        "kiosk": 18, 
        "modified": "2013-04-12T20:41:11Z", 
        "beer": 6, 
        "score": 0.0, 
        "size": 0.5
    }
},
{
    "pk": 21, 
    "model": "bier.beerprice", 
    "fields": {
        "created": "2013-04-08T20:05:32Z", 
        "price": 100, 
        "kiosk": 6, 
        "modified": "2013-04-08T20:05:32Z", 
        "beer": 5, 
        "score": 0.0, 
        "size": 0.5
    }
},
{
    "pk": 22, 
    "model": "bier.beerprice", 
    "fields": {
        "created": "2013-04-10T17:26:20Z", 
        "price": 100, 
        "kiosk": 18, 
        "modified": "2013-04-10T17:26:20Z", 
        "beer": 5, 
        "score": 0.0, 
        "size": 0.5
    }
},
{
    "pk": 24, 
    "model": "bier.beerprice", 
    "fields": {
        "created": "2013-04-15T20:33:00Z", 
        "price": 165, 
        "kiosk": 33, 
        "modified": "2013-04-21T13:45:53Z", 
        "beer": 6, 
        "score": 0.0, 
        "size": 0.5
    }
},
{
    "pk": 25, 
    "model": "bier.beerprice", 
    "fields": {
        "created": "2013-04-21T13:28:22Z", 
        "price": 150, 
        "kiosk": 18, 
        "modified": "2013-04-21T13:28:22Z", 
        "beer": 17, 
        "score": 0.0, 
        "size": 0.5
    }
},
{
    "pk": 26, 
    "model": "bier.beerprice", 
    "fields": {
        "created": "2013-04-21T13:45:35Z", 
        "price": 200, 
        "kiosk": 33, 
        "modified": "2013-04-21T13:45:35Z", 
        "beer": 17, 
        "score": 0.0, 
        "size": 0.5
    }
},
{
    "pk": 27, 
    "model": "bier.beerprice", 
    "fields": {
        "created": "2013-04-21T13:48:54Z", 
        "price": 100, 
        "kiosk": 29, 
        "modified": "2013-04-21T13:48:54Z", 
        "beer": 63, 
        "score": 0.0, 
        "size": 0.5
    }
},
{
    "pk": 28, 
    "model": "bier.beerprice", 
    "fields": {
        "created": "2013-05-21T14:23:51Z", 
        "price": 123, 
        "kiosk": 10, 
        "modified": "2013-05-21T14:23:51Z", 
        "beer": 17, 
        "score": 246.0, 
        "size": 0.5
    }
},
{
    "pk": 18, 
    "model": "bier.image", 
    "fields": {
        "image": "images/bergmannstrasse24_9.jpg", 
        "thumbnail": "images/thumbs/bergmannstrasse24_9_thumb.jpg"
    }
},
{
    "pk": 19, 
    "model": "bier.image", 
    "fields": {
        "image": "images/bergmannstrasse24_9_-_quad.jpg", 
        "thumbnail": "images/thumbs/bergmannstrasse24_9_-_quad_thumb.jpg"
    }
},
{
    "pk": 20, 
    "model": "bier.image", 
    "fields": {
        "image": "images/burgholzstrasse42_8.jpg", 
        "thumbnail": "images/thumbs/burgholzstrasse42_8_thumb.jpg"
    }
},
{
    "pk": 21, 
    "model": "bier.image", 
    "fields": {
        "image": "images/gutheilstrasse34_13_-_quad.jpg", 
        "thumbnail": "images/thumbs/gutheilstrasse34_13_-_quad_thumb.jpg"
    }
},
{
    "pk": 22, 
    "model": "bier.image", 
    "fields": {
        "image": "images/gutheilstrasse34_13.jpg", 
        "thumbnail": "images/thumbs/gutheilstrasse34_13_thumb.jpg"
    }
},
{
    "pk": 23, 
    "model": "bier.image", 
    "fields": {
        "image": "images/haydnstrasse14_3.jpg", 
        "thumbnail": "images/thumbs/haydnstrasse14_3_thumb.jpg"
    }
},
{
    "pk": 24, 
    "model": "bier.image", 
    "fields": {
        "image": "images/haydnstrasse41_5_-_quad.jpg", 
        "thumbnail": "images/thumbs/haydnstrasse41_5_-_quad_thumb.jpg"
    }
},
{
    "pk": 25, 
    "model": "bier.image", 
    "fields": {
        "image": "images/haydnstrasse41_5.jpg", 
        "thumbnail": "images/thumbs/haydnstrasse41_5_thumb.jpg"
    }
},
{
    "pk": 26, 
    "model": "bier.image", 
    "fields": {
        "image": "images/herderstrasse13_1_-_quad.jpg", 
        "thumbnail": "images/thumbs/herderstrasse13_1_-_quad_thumb.jpg"
    }
},
{
    "pk": 27, 
    "model": "bier.image", 
    "fields": {
        "image": "images/herderstrasse13_1.jpg", 
        "thumbnail": "images/thumbs/herderstrasse13_1_thumb.jpg"
    }
},
{
    "pk": 28, 
    "model": "bier.image", 
    "fields": {
        "image": "images/herderstrasse28_2.jpg", 
        "thumbnail": "images/thumbs/herderstrasse28_2_thumb.jpg"
    }
},
{
    "pk": 29, 
    "model": "bier.image", 
    "fields": {
        "image": "images/lortzingstrasse15_7.jpg", 
        "thumbnail": "images/thumbs/lortzingstrasse15_7_thumb.jpg"
    }
},
{
    "pk": 30, 
    "model": "bier.image", 
    "fields": {
        "image": "images/mallinckrodtstrasse118_4.jpg", 
        "thumbnail": "images/thumbs/mallinckrodtstrasse118_4_thumb.jpg"
    }
},
{
    "pk": 31, 
    "model": "bier.image", 
    "fields": {
        "image": "images/muensterstrasse_166_12_-_quad.jpg", 
        "thumbnail": "images/thumbs/muensterstrasse_166_12_-_quad_thumb.jpg"
    }
},
{
    "pk": 32, 
    "model": "bier.image", 
    "fields": {
        "image": "images/muensterstrasse251_10_-_quad.jpg", 
        "thumbnail": "images/thumbs/muensterstrasse251_10_-_quad_thumb.jpg"
    }
},
{
    "pk": 33, 
    "model": "bier.image", 
    "fields": {
        "image": "images/muensterstrasse251_10.jpg", 
        "thumbnail": "images/thumbs/muensterstrasse251_10_thumb.jpg"
    }
},
{
    "pk": 34, 
    "model": "bier.image", 
    "fields": {
        "image": "images/muensterstrasse149_6_-_quad.jpg", 
        "thumbnail": "images/thumbs/muensterstrasse149_6_-_quad_thumb.jpg"
    }
},
{
    "pk": 35, 
    "model": "bier.image", 
    "fields": {
        "image": "images/muensterstrasse149_6.jpg", 
        "thumbnail": "images/thumbs/muensterstrasse149_6_thumb.jpg"
    }
},
{
    "pk": 38, 
    "model": "bier.image", 
    "fields": {
        "image": "images/uhlandstrasse126_11_-_quad.jpg", 
        "thumbnail": "images/thumbs/uhlandstrasse126_11_-_quad_thumb.jpg"
    }
},
{
    "pk": 39, 
    "model": "bier.image", 
    "fields": {
        "image": "images/uhlandstrasse126_11.jpg", 
        "thumbnail": "images/thumbs/uhlandstrasse126_11_thumb.jpg"
    }
},
{
    "pk": 40, 
    "model": "bier.image", 
    "fields": {
        "image": "images/uhlandstrasse126_15_-_quad.jpg", 
        "thumbnail": "images/thumbs/uhlandstrasse126_15_-_quad_thumb.jpg"
    }
},
{
    "pk": 41, 
    "model": "bier.image", 
    "fields": {
        "image": "images/uhlandstrasse126_15.jpg", 
        "thumbnail": "images/thumbs/uhlandstrasse126_15_thumb.jpg"
    }
},
{
    "pk": 42, 
    "model": "bier.image", 
    "fields": {
        "image": "images/uhlandstrasse169_14_-_quad.jpg", 
        "thumbnail": "images/thumbs/uhlandstrasse169_14_-_quad_thumb.jpg"
    }
},
{
    "pk": 43, 
    "model": "bier.image", 
    "fields": {
        "image": "images/uhlandstrasse169_14.jpg", 
        "thumbnail": "images/thumbs/uhlandstrasse169_14_thumb.jpg"
    }
},
{
    "pk": 19, 
    "model": "bier.kioskimage", 
    "fields": {
        "image": 18, 
        "kiosk": 34
    }
},
{
    "pk": 20, 
    "model": "bier.kioskimage", 
    "fields": {
        "image": 19, 
        "kiosk": 34
    }
},
{
    "pk": 25, 
    "model": "bier.kioskimage", 
    "fields": {
        "image": 30, 
        "kiosk": 10
    }
},
{
    "pk": 26, 
    "model": "bier.kioskimage", 
    "fields": {
        "image": 41, 
        "kiosk": 6
    }
},
{
    "pk": 27, 
    "model": "bier.kioskimage", 
    "fields": {
        "image": 40, 
        "kiosk": 6
    }
},
{
    "pk": 28, 
    "model": "bier.kioskimage", 
    "fields": {
        "image": 27, 
        "kiosk": 35
    }
},
{
    "pk": 29, 
    "model": "bier.kioskimage", 
    "fields": {
        "image": 26, 
        "kiosk": 35
    }
},
{
    "pk": 30, 
    "model": "bier.kioskimage", 
    "fields": {
        "image": 28, 
        "kiosk": 36
    }
},
{
    "pk": 31, 
    "model": "bier.kioskimage", 
    "fields": {
        "image": 23, 
        "kiosk": 37
    }
},
{
    "pk": 32, 
    "model": "bier.kioskimage", 
    "fields": {
        "image": 25, 
        "kiosk": 41
    }
},
{
    "pk": 33, 
    "model": "bier.kioskimage", 
    "fields": {
        "image": 24, 
        "kiosk": 41
    }
},
{
    "pk": 34, 
    "model": "bier.kioskimage", 
    "fields": {
        "image": 35, 
        "kiosk": 42
    }
},
{
    "pk": 35, 
    "model": "bier.kioskimage", 
    "fields": {
        "image": 34, 
        "kiosk": 42
    }
},
{
    "pk": 36, 
    "model": "bier.kioskimage", 
    "fields": {
        "image": 29, 
        "kiosk": 44
    }
},
{
    "pk": 37, 
    "model": "bier.kioskimage", 
    "fields": {
        "image": 20, 
        "kiosk": 46
    }
},
{
    "pk": 38, 
    "model": "bier.kioskimage", 
    "fields": {
        "image": 31, 
        "kiosk": 48
    }
},
{
    "pk": 39, 
    "model": "bier.kioskimage", 
    "fields": {
        "image": 39, 
        "kiosk": 49
    }
},
{
    "pk": 40, 
    "model": "bier.kioskimage", 
    "fields": {
        "image": 38, 
        "kiosk": 49
    }
},
{
    "pk": 41, 
    "model": "bier.kioskimage", 
    "fields": {
        "image": 33, 
        "kiosk": 50
    }
},
{
    "pk": 42, 
    "model": "bier.kioskimage", 
    "fields": {
        "image": 32, 
        "kiosk": 50
    }
},
{
    "pk": 43, 
    "model": "bier.kioskimage", 
    "fields": {
        "image": 22, 
        "kiosk": 51
    }
},
{
    "pk": 44, 
    "model": "bier.kioskimage", 
    "fields": {
        "image": 21, 
        "kiosk": 51
    }
},
{
    "pk": 45, 
    "model": "bier.kioskimage", 
    "fields": {
        "image": 43, 
        "kiosk": 54
    }
},
{
    "pk": 46, 
    "model": "bier.kioskimage", 
    "fields": {
        "image": 43, 
        "kiosk": 54
    }
},
{
    "pk": 4, 
    "model": "bier.kioskcomments", 
    "fields": {
        "comment": 4, 
        "kiosk": 18
    }
},
{
    "pk": 5, 
    "model": "bier.kioskcomments", 
    "fields": {
        "comment": 5, 
        "kiosk": 10
    }
},
{
    "pk": 6, 
    "model": "bier.kioskcomments", 
    "fields": {
        "comment": 6, 
        "kiosk": 9
    }
},
{
    "pk": 7, 
    "model": "bier.kioskcomments", 
    "fields": {
        "comment": 7, 
        "kiosk": 10
    }
},
{
    "pk": 8, 
    "model": "bier.kioskcomments", 
    "fields": {
        "comment": 8, 
        "kiosk": 29
    }
},
{
    "pk": 9, 
    "model": "bier.kioskcomments", 
    "fields": {
        "comment": 9, 
        "kiosk": 18
    }
},
{
    "pk": 11, 
    "model": "bier.kioskcomments", 
    "fields": {
        "comment": 11, 
        "kiosk": 33
    }
},
{
    "pk": 16, 
    "model": "bier.kioskcomments", 
    "fields": {
        "comment": 16, 
        "kiosk": 9
    }
},
{
    "pk": 17, 
    "model": "bier.kioskcomments", 
    "fields": {
        "comment": 17, 
        "kiosk": 9
    }
},
{
    "pk": 18, 
    "model": "bier.kioskcomments", 
    "fields": {
        "comment": 18, 
        "kiosk": 9
    }
},
{
    "pk": 19, 
    "model": "bier.kioskcomments", 
    "fields": {
        "comment": 19, 
        "kiosk": 29
    }
},
{
    "pk": 20, 
    "model": "bier.kioskcomments", 
    "fields": {
        "comment": 20, 
        "kiosk": 34
    }
},
{
    "pk": 21, 
    "model": "bier.kioskcomments", 
    "fields": {
        "comment": 20, 
        "kiosk": 6
    }
},
{
    "pk": 22, 
    "model": "bier.kioskcomments", 
    "fields": {
        "comment": 20, 
        "kiosk": 35
    }
},
{
    "pk": 23, 
    "model": "bier.kioskcomments", 
    "fields": {
        "comment": 20, 
        "kiosk": 36
    }
},
{
    "pk": 24, 
    "model": "bier.kioskcomments", 
    "fields": {
        "comment": 20, 
        "kiosk": 37
    }
},
{
    "pk": 25, 
    "model": "bier.kioskcomments", 
    "fields": {
        "comment": 20, 
        "kiosk": 38
    }
},
{
    "pk": 26, 
    "model": "bier.kioskcomments", 
    "fields": {
        "comment": 20, 
        "kiosk": 39
    }
},
{
    "pk": 27, 
    "model": "bier.kioskcomments", 
    "fields": {
        "comment": 20, 
        "kiosk": 40
    }
},
{
    "pk": 28, 
    "model": "bier.kioskcomments", 
    "fields": {
        "comment": 20, 
        "kiosk": 41
    }
},
{
    "pk": 29, 
    "model": "bier.kioskcomments", 
    "fields": {
        "comment": 20, 
        "kiosk": 42
    }
},
{
    "pk": 30, 
    "model": "bier.kioskcomments", 
    "fields": {
        "comment": 20, 
        "kiosk": 43
    }
},
{
    "pk": 31, 
    "model": "bier.kioskcomments", 
    "fields": {
        "comment": 20, 
        "kiosk": 44
    }
},
{
    "pk": 32, 
    "model": "bier.kioskcomments", 
    "fields": {
        "comment": 20, 
        "kiosk": 45
    }
},
{
    "pk": 33, 
    "model": "bier.kioskcomments", 
    "fields": {
        "comment": 20, 
        "kiosk": 46
    }
},
{
    "pk": 34, 
    "model": "bier.kioskcomments", 
    "fields": {
        "comment": 20, 
        "kiosk": 47
    }
},
{
    "pk": 35, 
    "model": "bier.kioskcomments", 
    "fields": {
        "comment": 20, 
        "kiosk": 48
    }
},
{
    "pk": 36, 
    "model": "bier.kioskcomments", 
    "fields": {
        "comment": 20, 
        "kiosk": 49
    }
},
{
    "pk": 37, 
    "model": "bier.kioskcomments", 
    "fields": {
        "comment": 20, 
        "kiosk": 50
    }
},
{
    "pk": 38, 
    "model": "bier.kioskcomments", 
    "fields": {
        "comment": 20, 
        "kiosk": 51
    }
},
{
    "pk": 39, 
    "model": "bier.kioskcomments", 
    "fields": {
        "comment": 20, 
        "kiosk": 52
    }
},
{
    "pk": 40, 
    "model": "bier.kioskcomments", 
    "fields": {
        "comment": 20, 
        "kiosk": 53
    }
},
{
    "pk": 41, 
    "model": "bier.kioskcomments", 
    "fields": {
        "comment": 20, 
        "kiosk": 54
    }
}
]
