[
{
    "pk": 6, 
    "model": "woistbier_rest.kiosk", 
    "fields": {
        "city": "Dortmund", 
        "description": "", 
        "created": null, 
        "number": 156, 
        "geo_lat": "51.5313197000", 
        "geo_long": "7.4551890000", 
        "street": "Uhlandstra\u00dfe", 
        "is_valid_address": true, 
        "owner": "", 
        "zip_code": "44147", 
        "name": "Uhlandstra\u00dfe 156"
    }
},
{
    "pk": 9, 
    "model": "woistbier_rest.kiosk", 
    "fields": {
        "city": "Dortmund", 
        "description": "", 
        "created": "2013-03-29T20:22:22Z", 
        "number": 329, 
        "geo_lat": "51.5242362000", 
        "geo_long": "7.4453596000", 
        "street": "Mallinckrodtstra\u00dfe", 
        "is_valid_address": true, 
        "owner": "", 
        "zip_code": "44147", 
        "name": "Mallinckrodtstra\u00dfe 329"
    }
},
{
    "pk": 10, 
    "model": "woistbier_rest.kiosk", 
    "fields": {
        "city": "Dortmund", 
        "description": "", 
        "created": "2013-03-29T20:37:28Z", 
        "number": 118, 
        "geo_lat": "51.5244502000", 
        "geo_long": "7.4626928000", 
        "street": "Mallinckrodtstra\u00dfe", 
        "is_valid_address": true, 
        "owner": "", 
        "zip_code": "44145", 
        "name": "Mallinckrodtstra\u00dfe 118"
    }
},
{
    "pk": 18, 
    "model": "woistbier_rest.kiosk", 
    "fields": {
        "city": "Dortmund", 
        "description": "", 
        "created": "2013-03-30T13:20:54Z", 
        "number": 39, 
        "geo_lat": "51.5165933000", 
        "geo_long": "7.4653962000", 
        "street": "Br\u00fcckstra\u00dfe", 
        "is_valid_address": true, 
        "owner": null, 
        "zip_code": "44135", 
        "name": "Br\u00fcckstra\u00dfe 39"
    }
},
{
    "pk": 29, 
    "model": "woistbier_rest.kiosk", 
    "fields": {
        "city": "Dortmund", 
        "description": "", 
        "created": "2013-03-30T19:59:48Z", 
        "number": 201, 
        "geo_lat": "51.5140900000", 
        "geo_long": "7.4978900000", 
        "street": "Kaiserstra\u00dfe", 
        "is_valid_address": true, 
        "owner": "", 
        "zip_code": "44143", 
        "name": "Kaiserstra\u00dfe 201"
    }
},
{
    "pk": 33, 
    "model": "woistbier_rest.kiosk", 
    "fields": {
        "city": "Dortmund", 
        "description": "", 
        "created": "2013-04-15T20:31:30Z", 
        "number": 20, 
        "geo_lat": "51.5183680000", 
        "geo_long": "7.4691892000", 
        "street": "Bornstra\u00dfe", 
        "is_valid_address": true, 
        "owner": "", 
        "zip_code": "44135", 
        "name": "Bornstra\u00dfe 20"
    }
},
{
    "pk": 34, 
    "model": "woistbier_rest.kiosk", 
    "fields": {
        "city": "Dortmund", 
        "description": "", 
        "created": "2013-04-22T16:54:57Z", 
        "number": 24, 
        "geo_lat": "51.5282551000", 
        "geo_long": "7.4661860000", 
        "street": "Bergmannstra\u00dfe", 
        "is_valid_address": true, 
        "owner": "", 
        "zip_code": "44145", 
        "name": "Bergmannstra\u00dfe 24"
    }
},
{
    "pk": 35, 
    "model": "woistbier_rest.kiosk", 
    "fields": {
        "city": "Dortmund", 
        "description": "", 
        "created": "2013-04-22T17:40:32Z", 
        "number": 13, 
        "geo_lat": "51.5250831000", 
        "geo_long": "7.4549253000", 
        "street": "Herderstra\u00dfe", 
        "is_valid_address": true, 
        "owner": "", 
        "zip_code": "44147", 
        "name": "Herderstrasse 13"
    }
},
{
    "pk": 36, 
    "model": "woistbier_rest.kiosk", 
    "fields": {
        "city": "Dortmund", 
        "description": "", 
        "created": "2013-04-22T17:41:53Z", 
        "number": 28, 
        "geo_lat": "51.5261594000", 
        "geo_long": "7.4544824000", 
        "street": "Herderstra\u00dfe", 
        "is_valid_address": true, 
        "owner": "", 
        "zip_code": "44147", 
        "name": "Herderstra\u00dfe 28"
    }
},
{
    "pk": 37, 
    "model": "woistbier_rest.kiosk", 
    "fields": {
        "city": "Dortmund", 
        "description": "", 
        "created": "2013-04-22T17:42:47Z", 
        "number": 14, 
        "geo_lat": "51.5261930000", 
        "geo_long": "7.4573106000", 
        "street": "Haydnstra\u00dfe", 
        "is_valid_address": true, 
        "owner": "", 
        "zip_code": "44147", 
        "name": "Haydnstra\u00dfe 14"
    }
},
{
    "pk": 38, 
    "model": "woistbier_rest.kiosk", 
    "fields": {
        "city": "Dortmund", 
        "description": "", 
        "created": "2013-04-22T17:43:07Z", 
        "number": 50, 
        "geo_lat": "51.5250769000", 
        "geo_long": "7.4572675000", 
        "street": "Schillerstra\u00dfe", 
        "is_valid_address": true, 
        "owner": "", 
        "zip_code": "44147", 
        "name": "Schillerstra\u00dfe 50"
    }
},
{
    "pk": 39, 
    "model": "woistbier_rest.kiosk", 
    "fields": {
        "city": "Dortmund", 
        "description": "", 
        "created": "2013-04-22T17:44:29Z", 
        "number": 151, 
        "geo_lat": "51.5245144000", 
        "geo_long": "7.4585286000", 
        "street": "Mallinckrodtstra\u00dfe", 
        "is_valid_address": true, 
        "owner": "", 
        "zip_code": "44147", 
        "name": "Mallinckrodtstra\u00dfe 151"
    }
},
{
    "pk": 40, 
    "model": "woistbier_rest.kiosk", 
    "fields": {
        "city": "Dortmund", 
        "description": "", 
        "created": "2013-04-22T17:45:11Z", 
        "number": 101, 
        "geo_lat": "51.5249774000", 
        "geo_long": "7.4638546000", 
        "street": "Mallinckrodtstra\u00dfe", 
        "is_valid_address": true, 
        "owner": "", 
        "zip_code": "44145", 
        "name": "Mallinckrodtstra\u00dfe 101"
    }
},
{
    "pk": 41, 
    "model": "woistbier_rest.kiosk", 
    "fields": {
        "city": "Dortmund", 
        "description": "", 
        "created": "2013-04-22T17:45:40Z", 
        "number": 41, 
        "geo_lat": "51.5261182000", 
        "geo_long": "7.4609177000", 
        "street": "Haydnstra\u00dfe", 
        "is_valid_address": true, 
        "owner": "", 
        "zip_code": "44145", 
        "name": "Haydnstra\u00dfe 41"
    }
},
{
    "pk": 42, 
    "model": "woistbier_rest.kiosk", 
    "fields": {
        "city": "Dortmund", 
        "description": "", 
        "created": "2013-04-22T17:46:28Z", 
        "number": 149, 
        "geo_lat": "51.5273324000", 
        "geo_long": "7.4606535000", 
        "street": "M\u00fcnsterstra\u00dfe", 
        "is_valid_address": true, 
        "owner": "", 
        "zip_code": "44145", 
        "name": "M\u00fcnsterstra\u00dfe 149"
    }
},
{
    "pk": 43, 
    "model": "woistbier_rest.kiosk", 
    "fields": {
        "city": "Dortmund", 
        "description": "", 
        "created": "2013-04-22T17:47:08Z", 
        "number": 26, 
        "geo_lat": "51.5268235000", 
        "geo_long": "7.4622964000", 
        "street": "Schubertstra\u00dfe", 
        "is_valid_address": true, 
        "owner": "", 
        "zip_code": "44145", 
        "name": "Schubertstra\u00dfe 26"
    }
},
{
    "pk": 44, 
    "model": "woistbier_rest.kiosk", 
    "fields": {
        "city": "Dortmund", 
        "description": "", 
        "created": "2013-04-22T17:47:48Z", 
        "number": 15, 
        "geo_lat": "51.5272355000", 
        "geo_long": "7.4639079000", 
        "street": "Lortzingstra\u00dfe", 
        "is_valid_address": true, 
        "owner": "", 
        "zip_code": "44145", 
        "name": "Lortzingstra\u00dfe 15"
    }
},
{
    "pk": 45, 
    "model": "woistbier_rest.kiosk", 
    "fields": {
        "city": "Dortmund", 
        "description": "", 
        "created": "2013-04-22T17:48:38Z", 
        "number": 6, 
        "geo_lat": "51.5266600000", 
        "geo_long": "7.4638900000", 
        "street": "Lortzingstra\u00dfe", 
        "is_valid_address": true, 
        "owner": "", 
        "zip_code": "44145", 
        "name": "Lortzingstra\u00dfe 6"
    }
},
{
    "pk": 46, 
    "model": "woistbier_rest.kiosk", 
    "fields": {
        "city": "Dortmund", 
        "description": "", 
        "created": "2013-04-22T17:49:01Z", 
        "number": 42, 
        "geo_lat": "51.5279436000", 
        "geo_long": "7.4635652000", 
        "street": "Burgholzstra\u00dfe", 
        "is_valid_address": true, 
        "owner": "", 
        "zip_code": "44145", 
        "name": "Burgholzstra\u00dfe 42"
    }
},
{
    "pk": 47, 
    "model": "woistbier_rest.kiosk", 
    "fields": {
        "city": "Dortmund", 
        "description": "", 
        "created": "2013-04-22T17:49:55Z", 
        "number": 25, 
        "geo_lat": "51.5282746000", 
        "geo_long": "7.4652706000", 
        "street": "Braunschweiger Stra\u00dfe", 
        "is_valid_address": true, 
        "owner": "", 
        "zip_code": "44145", 
        "name": "Braunschweigerstra\u00dfe 25"
    }
},
{
    "pk": 48, 
    "model": "woistbier_rest.kiosk", 
    "fields": {
        "city": "Dortmund", 
        "description": "", 
        "created": "2013-04-22T17:51:24Z", 
        "number": 166, 
        "geo_lat": "51.5294396000", 
        "geo_long": "7.4595766000", 
        "street": "M\u00fcnsterstra\u00dfe", 
        "is_valid_address": true, 
        "owner": "", 
        "zip_code": "44145", 
        "name": "M\u00fcnsterstra\u00dfe 166"
    }
},
{
    "pk": 49, 
    "model": "woistbier_rest.kiosk", 
    "fields": {
        "city": "Dortmund", 
        "description": "", 
        "created": "2013-04-22T17:52:03Z", 
        "number": 126, 
        "geo_lat": "51.5285500000", 
        "geo_long": "7.4557400000", 
        "street": "Uhlandstra\u00dfe", 
        "is_valid_address": true, 
        "owner": "", 
        "zip_code": "44147", 
        "name": "Uhlandstra\u00dfe 126"
    }
},
{
    "pk": 50, 
    "model": "woistbier_rest.kiosk", 
    "fields": {
        "city": "Dortmund", 
        "description": "", 
        "created": "2013-04-22T17:53:07Z", 
        "number": 251, 
        "geo_lat": "51.5331697000", 
        "geo_long": "7.4563736000", 
        "street": "M\u00fcnsterstra\u00dfe", 
        "is_valid_address": true, 
        "owner": "", 
        "zip_code": "44145", 
        "name": "M\u00fcnsterstra\u00dfe 251"
    }
},
{
    "pk": 51, 
    "model": "woistbier_rest.kiosk", 
    "fields": {
        "city": "Dortmund", 
        "description": "", 
        "created": "2013-04-22T17:53:53Z", 
        "number": 34, 
        "geo_lat": "51.5319000000", 
        "geo_long": "7.4614300000", 
        "street": "Gut-Heil-Stra\u00dfe", 
        "is_valid_address": true, 
        "owner": "", 
        "zip_code": "44145", 
        "name": "Gut-Heil-Strasse 34"
    }
},
{
    "pk": 52, 
    "model": "woistbier_rest.kiosk", 
    "fields": {
        "city": "Dortmund", 
        "description": "", 
        "created": "2013-04-22T17:54:25Z", 
        "number": 144, 
        "geo_lat": "51.5297686000", 
        "geo_long": "7.4557227000", 
        "street": "Uhlandstra\u00dfe", 
        "is_valid_address": true, 
        "owner": "", 
        "zip_code": "44147", 
        "name": "Uhlandstrasse 144"
    }
},
{
    "pk": 53, 
    "model": "woistbier_rest.kiosk", 
    "fields": {
        "city": "Dortmund", 
        "description": "", 
        "created": "2013-04-22T17:54:51Z", 
        "number": 215, 
        "geo_lat": "51.5308850000", 
        "geo_long": "7.4515670000", 
        "street": "Sch\u00fctzenstra\u00dfe", 
        "is_valid_address": true, 
        "owner": "", 
        "zip_code": "44147", 
        "name": "Sch\u00fctzenstra\u00dfe 215"
    }
},
{
    "pk": 54, 
    "model": "woistbier_rest.kiosk", 
    "fields": {
        "city": "Dortmund", 
        "description": "", 
        "created": "2013-04-22T17:55:15Z", 
        "number": 169, 
        "geo_lat": "51.5324300000", 
        "geo_long": "7.4549200000", 
        "street": "Uhlandstra\u00dfe", 
        "is_valid_address": true, 
        "owner": "", 
        "zip_code": "44147", 
        "name": "Uhlandstrasse 169"
    }
},
{
    "pk": 57, 
    "model": "woistbier_rest.kiosk", 
    "fields": {
        "city": "Dortmund", 
        "description": null, 
        "created": "2013-06-19T19:36:54Z", 
        "number": 61, 
        "geo_lat": "51.5513209000", 
        "geo_long": "7.4549200000", 
        "street": "Bergstra\u00dfe", 
        "is_valid_address": false, 
        "owner": "", 
        "zip_code": "44339", 
        "name": "Bergstra\u00dfe 61"
    }
},
{
    "pk": 58, 
    "model": "woistbier_rest.kiosk", 
    "fields": {
        "city": "Dortmund", 
        "description": null, 
        "created": "2013-06-19T19:40:32Z", 
        "number": 100, 
        "geo_lat": "51.5516980000", 
        "geo_long": "7.4529700000", 
        "street": "Bergstra\u00dfe", 
        "is_valid_address": false, 
        "owner": "", 
        "zip_code": "44339", 
        "name": "Bergstra\u00dfe 100"
    }
},
{
    "pk": 59, 
    "model": "woistbier_rest.kiosk", 
    "fields": {
        "city": "Dortmund", 
        "description": "gegen\u00fcber vom norma ", 
        "created": "2013-06-19T19:44:33Z", 
        "number": 255, 
        "geo_lat": "51.5532000000", 
        "geo_long": "7.4472900000", 
        "street": "Lindenhorster Stra\u00dfe", 
        "is_valid_address": false, 
        "owner": "", 
        "zip_code": "44339", 
        "name": "Lindenhorster Stra\u00dfe 255"
    }
},
{
    "pk": 60, 
    "model": "woistbier_rest.kiosk", 
    "fields": {
        "city": "Dortmund", 
        "description": null, 
        "created": "2013-06-19T19:50:04Z", 
        "number": 205, 
        "geo_lat": "51.5494170000", 
        "geo_long": "7.4481247000", 
        "street": "Lindenhorster Stra\u00dfe", 
        "is_valid_address": false, 
        "owner": "", 
        "zip_code": "44339", 
        "name": "Lindenhorster Stra\u00dfe 205"
    }
},
{
    "pk": 81, 
    "model": "woistbier_rest.kiosk", 
    "fields": {
        "city": "Dortmund", 
        "description": null, 
        "created": "2013-08-13T16:05:51Z", 
        "number": 8, 
        "geo_lat": "51.5133000000", 
        "geo_long": "7.4204700000", 
        "street": "Spicherner Stra\u00dfe", 
        "is_valid_address": false, 
        "owner": null, 
        "zip_code": "44149", 
        "name": "Spicherner Stra\u00dfe 8"
    }
},
{
    "pk": 82, 
    "model": "woistbier_rest.kiosk", 
    "fields": {
        "city": "Dortmund", 
        "description": null, 
        "created": "2013-08-13T20:41:49Z", 
        "number": 28, 
        "geo_lat": "51.5047600000", 
        "geo_long": "7.4516600000", 
        "street": "Lindemannstra\u00dfe", 
        "is_valid_address": false, 
        "owner": "", 
        "zip_code": "44137", 
        "name": "Lindemannstra\u00dfe 28"
    }
},
{
    "pk": 83, 
    "model": "woistbier_rest.kiosk", 
    "fields": {
        "city": "Dortmund", 
        "description": null, 
        "created": "2013-08-16T10:09:54Z", 
        "number": 17, 
        "geo_lat": "51.4751000000", 
        "geo_long": "7.5797900000", 
        "street": "Ostberger Stra\u00dfe", 
        "is_valid_address": false, 
        "owner": "", 
        "zip_code": "44289", 
        "name": "Ostberger Stra\u00dfe 17"
    }
},
{
    "pk": 96, 
    "model": "woistbier_rest.kiosk", 
    "fields": {
        "city": "Kamen", 
        "description": null, 
        "created": "2013-08-30T17:17:21Z", 
        "number": 100, 
        "geo_lat": "51.5678000000", 
        "geo_long": "7.6202300000", 
        "street": "Am Tespelgraben", 
        "is_valid_address": false, 
        "owner": "", 
        "zip_code": "59174", 
        "name": "Am Tespelgraben 100"
    }
},
{
    "pk": 97, 
    "model": "woistbier_rest.kiosk", 
    "fields": {
        "city": "Dortmund", 
        "description": null, 
        "created": "2013-08-30T19:12:47Z", 
        "number": 1, 
        "geo_lat": "51.4752000000", 
        "geo_long": "7.4355100000", 
        "street": "Deutsch-Luxemburger-Stra\u00dfe", 
        "is_valid_address": false, 
        "owner": "", 
        "zip_code": "44225", 
        "name": "Deutsch-Luxemburger-Stra\u00dfe 1"
    }
},
{
    "pk": 99, 
    "model": "woistbier_rest.kiosk", 
    "fields": {
        "city": "Dortmund", 
        "description": null, 
        "created": "2013-09-14T11:45:37Z", 
        "number": 58, 
        "geo_lat": "51.5245829000", 
        "geo_long": "7.4568037000", 
        "street": "Uhlandstra\u00dfe", 
        "is_valid_address": false, 
        "owner": "", 
        "zip_code": "44147", 
        "name": "Uhlandstra\u00dfe 58"
    }
},
{
    "pk": 100, 
    "model": "woistbier_rest.kiosk", 
    "fields": {
        "city": "Dortmund", 
        "description": null, 
        "created": "2013-09-18T15:44:50Z", 
        "number": 12, 
        "geo_lat": "51.5194400000", 
        "geo_long": "7.4647600000", 
        "street": "M\u00fcnsterstra\u00dfe", 
        "is_valid_address": false, 
        "owner": "", 
        "zip_code": "44145", 
        "name": "M\u00fcnsterstra\u00dfe 12"
    }
},
{
    "pk": 101, 
    "model": "woistbier_rest.kiosk", 
    "fields": {
        "city": "Dortmund", 
        "description": null, 
        "created": "2013-09-18T17:56:04Z", 
        "number": 91, 
        "geo_lat": "51.4757000000", 
        "geo_long": "7.4349700000", 
        "street": "Harkortstra\u00dfe", 
        "is_valid_address": false, 
        "owner": "", 
        "zip_code": "44225", 
        "name": "Harkortstra\u00dfe 91"
    }
},
{
    "pk": 102, 
    "model": "woistbier_rest.kiosk", 
    "fields": {
        "city": "Dortmund", 
        "description": null, 
        "created": "2013-09-22T12:24:08Z", 
        "number": 5, 
        "geo_lat": "51.4752000000", 
        "geo_long": "7.4355100000", 
        "street": "Deutsch-Luxemburger-Stra\u00dfe", 
        "is_valid_address": false, 
        "owner": "", 
        "zip_code": "44225", 
        "name": "Deutsch-Luxemburger-Stra\u00dfe 5"
    }
},
{
    "pk": 105, 
    "model": "woistbier_rest.kiosk", 
    "fields": {
        "city": "Kamen", 
        "description": null, 
        "created": "2013-09-28T15:03:04Z", 
        "number": 1, 
        "geo_lat": "51.5675000000", 
        "geo_long": "7.6182600000", 
        "street": "Am Tespelgraben", 
        "is_valid_address": false, 
        "owner": "", 
        "zip_code": "59174", 
        "name": "Am Tespelgraben 1"
    }
},
{
    "pk": 107, 
    "model": "woistbier_rest.kiosk", 
    "fields": {
        "city": "Hemer", 
        "description": null, 
        "created": "2013-09-28T17:53:43Z", 
        "number": 13, 
        "geo_lat": "51.3747332000", 
        "geo_long": "7.7636995000", 
        "street": "K\u00f6rnerstra\u00dfe", 
        "is_valid_address": false, 
        "owner": "", 
        "zip_code": "58675", 
        "name": "K\u00f6rnerstra\u00dfe 13"
    }
},
{
    "pk": 112, 
    "model": "woistbier_rest.kiosk", 
    "fields": {
        "city": "K\u00f6ln", 
        "description": null, 
        "created": "2013-10-01T10:36:53Z", 
        "number": 5, 
        "geo_lat": "50.9162000000", 
        "geo_long": "6.9158300000", 
        "street": "Hollerather Stra\u00dfe", 
        "is_valid_address": false, 
        "owner": "", 
        "zip_code": "50937", 
        "name": "Hollerather Stra\u00dfe 5"
    }
},
{
    "pk": 114, 
    "model": "woistbier_rest.kiosk", 
    "fields": {
        "city": "Dortmund", 
        "description": null, 
        "created": "2013-10-01T14:56:55Z", 
        "number": 2, 
        "geo_lat": "51.5166000000", 
        "geo_long": "7.4650500000", 
        "street": "L\u00fctge Br\u00fcckstra\u00dfe", 
        "is_valid_address": false, 
        "owner": "", 
        "zip_code": "44135", 
        "name": "L\u00fctge Br\u00fcckstra\u00dfe 2"
    }
},
{
    "pk": 123, 
    "model": "woistbier_rest.kiosk", 
    "fields": {
        "city": "Dortmund", 
        "description": null, 
        "created": "2013-10-02T18:34:25Z", 
        "number": 51, 
        "geo_lat": "51.5240000000", 
        "geo_long": "7.4821500000", 
        "street": "Oesterholzstra\u00dfe", 
        "is_valid_address": false, 
        "owner": "", 
        "zip_code": "44145", 
        "name": "Oesterholzstra\u00dfe 51"
    }
},
{
    "pk": 125, 
    "model": "woistbier_rest.kiosk", 
    "fields": {
        "city": "Dortmund", 
        "description": null, 
        "created": "2013-10-06T13:01:00Z", 
        "number": 8, 
        "geo_lat": "51.4752000000", 
        "geo_long": "7.4355100000", 
        "street": "Deutsch-Luxemburger-Stra\u00dfe", 
        "is_valid_address": false, 
        "owner": "", 
        "zip_code": "44225", 
        "name": "Deutsch-Luxemburger-Stra\u00dfe 8"
    }
},
{
    "pk": 126, 
    "model": "woistbier_rest.kiosk", 
    "fields": {
        "city": "Dortmund", 
        "description": null, 
        "created": "2013-10-06T13:01:41Z", 
        "number": 9, 
        "geo_lat": "51.4752000000", 
        "geo_long": "7.4355100000", 
        "street": "Deutsch-Luxemburger-Stra\u00dfe", 
        "is_valid_address": false, 
        "owner": "", 
        "zip_code": "44225", 
        "name": "Deutsch-Luxemburger-Stra\u00dfe 9"
    }
},
{
    "pk": 129, 
    "model": "woistbier_rest.kiosk", 
    "fields": {
        "city": "Dortmund", 
        "description": null, 
        "created": "2013-10-06T16:07:32Z", 
        "number": 10, 
        "geo_lat": "51.4752000000", 
        "geo_long": "7.4355100000", 
        "street": "Deutsch-Luxemburger-Stra\u00dfe", 
        "is_valid_address": false, 
        "owner": "", 
        "zip_code": "44225", 
        "name": "Deutsch-Luxemburger-Stra\u00dfe 10"
    }
},
{
    "pk": 130, 
    "model": "woistbier_rest.kiosk", 
    "fields": {
        "city": "Dortmund", 
        "description": null, 
        "created": "2013-10-09T15:07:20Z", 
        "number": 32, 
        "geo_lat": "51.4749000000", 
        "geo_long": "7.4357200000", 
        "street": "Deutsch-Luxemburger-Stra\u00dfe", 
        "is_valid_address": false, 
        "owner": "", 
        "zip_code": "44225", 
        "name": "Deutsch-Luxemburger-Stra\u00dfe 32"
    }
},
{
    "pk": 133, 
    "model": "woistbier_rest.kiosk", 
    "fields": {
        "city": "Dortmund", 
        "description": null, 
        "created": "2013-10-11T17:57:15Z", 
        "number": 46, 
        "geo_lat": "51.4992000000", 
        "geo_long": "7.4155100000", 
        "street": "Knappenstra\u00dfe", 
        "is_valid_address": false, 
        "owner": "", 
        "zip_code": "44149", 
        "name": "Knappenstra\u00dfe 46"
    }
},
{
    "pk": 134, 
    "model": "woistbier_rest.kiosk", 
    "fields": {
        "city": "Aachen", 
        "description": null, 
        "created": "2013-10-12T19:08:29Z", 
        "number": 137, 
        "geo_lat": "50.7687000000", 
        "geo_long": "6.0747500000", 
        "street": "Boxgraben", 
        "is_valid_address": false, 
        "owner": "", 
        "zip_code": "52064", 
        "name": "Boxgraben 137"
    }
},
{
    "pk": 135, 
    "model": "woistbier_rest.kiosk", 
    "fields": {
        "city": "Dortmund", 
        "description": null, 
        "created": "2013-10-13T08:39:27Z", 
        "number": 101, 
        "geo_lat": "51.5026000000", 
        "geo_long": "7.4504100000", 
        "street": "Kreuzstra\u00dfe", 
        "is_valid_address": false, 
        "owner": "", 
        "zip_code": "44137", 
        "name": "Kreuzstra\u00dfe 101"
    }
},
{
    "pk": 136, 
    "model": "woistbier_rest.kiosk", 
    "fields": {
        "city": "D\u00fcsseldorf", 
        "description": null, 
        "created": "2013-10-13T12:35:18Z", 
        "number": 52, 
        "geo_lat": "51.2288000000", 
        "geo_long": "6.7920100000", 
        "street": "Am Wehrhahn", 
        "is_valid_address": false, 
        "owner": "", 
        "zip_code": "40211", 
        "name": "Am Wehrhahn 52"
    }
},
{
    "pk": 137, 
    "model": "woistbier_rest.kiosk", 
    "fields": {
        "city": "D\u00fcsseldorf", 
        "description": null, 
        "created": "2013-10-13T12:44:49Z", 
        "number": 14, 
        "geo_lat": "51.2204000000", 
        "geo_long": "6.7930400000", 
        "street": "Konrad-Adenauer-Platz", 
        "is_valid_address": false, 
        "owner": "", 
        "zip_code": "40210", 
        "name": "Konrad-Adenauer-Platz 14"
    }
},
{
    "pk": 138, 
    "model": "woistbier_rest.kiosk", 
    "fields": {
        "city": "Dortmund", 
        "description": null, 
        "created": "2013-10-13T13:56:38Z", 
        "number": 48, 
        "geo_lat": "51.5245000000", 
        "geo_long": "7.4708700000", 
        "street": "Missundestra\u00dfe", 
        "is_valid_address": false, 
        "owner": "", 
        "zip_code": "44145", 
        "name": "Missundestra\u00dfe 48"
    }
},
{
    "pk": 139, 
    "model": "woistbier_rest.kiosk", 
    "fields": {
        "city": "Dortmund", 
        "description": null, 
        "created": "2013-10-13T14:52:53Z", 
        "number": 10, 
        "geo_lat": "51.4859000000", 
        "geo_long": "7.4814300000", 
        "street": "Konrad-Adenauer-Allee", 
        "is_valid_address": false, 
        "owner": "", 
        "zip_code": "44263", 
        "name": "Konrad-Adenauer-Allee 10"
    }
},
{
    "pk": 140, 
    "model": "woistbier_rest.kiosk", 
    "fields": {
        "city": "Dortmund", 
        "description": null, 
        "created": "2013-10-13T19:13:21Z", 
        "number": 9, 
        "geo_lat": "51.5137000000", 
        "geo_long": "7.4213500000", 
        "street": "Spicherner Stra\u00dfe", 
        "is_valid_address": false, 
        "owner": "", 
        "zip_code": "44149", 
        "name": "Spicherner Stra\u00dfe 9"
    }
},
{
    "pk": 5, 
    "model": "woistbier_rest.beer", 
    "fields": {
        "brew": "pils", 
        "brand": "Brinkhoff's Brauerei", 
        "name": "Brinkhoff's ", 
        "location": " Dortmund"
    }
},
{
    "pk": 6, 
    "model": "woistbier_rest.beer", 
    "fields": {
        "brew": "pils", 
        "brand": "Hansa Braurei", 
        "name": "Hansa Pils", 
        "location": "Dortmund"
    }
},
{
    "pk": 7, 
    "model": "woistbier_rest.beer", 
    "fields": {
        "brew": "pils", 
        "brand": "Hansa Brauerei", 
        "name": "Hansa Export", 
        "location": "Dortmund"
    }
},
{
    "pk": 8, 
    "model": "woistbier_rest.beer", 
    "fields": {
        "brew": "pils", 
        "brand": "Kronen", 
        "name": "Kronen Pils", 
        "location": "Dortmund"
    }
},
{
    "pk": 9, 
    "model": "woistbier_rest.beer", 
    "fields": {
        "brew": "pils", 
        "brand": "Kronen", 
        "name": "Kronen Export", 
        "location": "Dortmund"
    }
},
{
    "pk": 10, 
    "model": "woistbier_rest.beer", 
    "fields": {
        "brew": "pils", 
        "brand": "Stifts", 
        "name": "Stifts Pils", 
        "location": "Dortmund"
    }
},
{
    "pk": 11, 
    "model": "woistbier_rest.beer", 
    "fields": {
        "brew": "pils", 
        "brand": "Thier", 
        "name": "Thier Pils", 
        "location": "Dortmund"
    }
},
{
    "pk": 12, 
    "model": "woistbier_rest.beer", 
    "fields": {
        "brew": "pils", 
        "brand": "Union", 
        "name": "Siegel Pils", 
        "location": "Dortmund"
    }
},
{
    "pk": 13, 
    "model": "woistbier_rest.beer", 
    "fields": {
        "brew": "pils", 
        "brand": "H\u00f6vels", 
        "name": "H\u00f6vels Original", 
        "location": "Dortmund"
    }
},
{
    "pk": 14, 
    "model": "woistbier_rest.beer", 
    "fields": {
        "brew": "pils", 
        "brand": "Clarissen", 
        "name": "Clarissen Alt", 
        "location": "Dortmund"
    }
},
{
    "pk": 15, 
    "model": "woistbier_rest.beer", 
    "fields": {
        "brew": "pils", 
        "brand": "Fiege", 
        "name": "Fiege Pils", 
        "location": "Bochum"
    }
},
{
    "pk": 16, 
    "model": "woistbier_rest.beer", 
    "fields": {
        "brew": "pils", 
        "brand": "Drinks Union", 
        "name": "Breznak", 
        "location": "\u00dast\u00ed nad Labem, B\u00f6hmen, CZ"
    }
},
{
    "pk": 17, 
    "model": "woistbier_rest.beer", 
    "fields": {
        "brew": "pils", 
        "brand": "B\u00f6lkstoff Vertriebs GmbH", 
        "name": "B\u00f6lkstoff", 
        "location": "Flensburg"
    }
},
{
    "pk": 18, 
    "model": "woistbier_rest.beer", 
    "fields": {
        "brew": "weizen", 
        "brand": "Carlsberg", 
        "name": "Carlsberg Elephant", 
        "location": "Hamburg"
    }
},
{
    "pk": 19, 
    "model": "woistbier_rest.beer", 
    "fields": {
        "brew": "pils", 
        "brand": "Plze\u0148sk\u00fd Prazdroj", 
        "name": "Gambrinus", 
        "location": "Pilsen, CZ"
    }
},
{
    "pk": 20, 
    "model": "woistbier_rest.beer", 
    "fields": {
        "brew": "pils", 
        "brand": "Plze\u0148sk\u00fd Prazdroj", 
        "name": "Pilsener Urquell", 
        "location": "Pilsen, CZ"
    }
},
{
    "pk": 21, 
    "model": "woistbier_rest.beer", 
    "fields": {
        "brew": "pils", 
        "brand": "Brauerei Beck", 
        "name": "Beck's", 
        "location": "Bremen"
    }
},
{
    "pk": 22, 
    "model": "woistbier_rest.beer", 
    "fields": {
        "brew": "pils", 
        "brand": "Wernesgr\u00fcner Brauerei", 
        "name": "Wernesgr\u00fcner", 
        "location": "Wernesgr\u00fcn"
    }
},
{
    "pk": 23, 
    "model": "woistbier_rest.beer", 
    "fields": {
        "brew": "pils", 
        "brand": "Alg\u00e4uer Brauhaus AG", 
        "name": "Altenm\u00fcnster", 
        "location": "Kempten"
    }
},
{
    "pk": 24, 
    "model": "woistbier_rest.beer", 
    "fields": {
        "brew": "pils", 
        "brand": "Privatbrauerei Bolten", 
        "name": "Bolten Helles", 
        "location": "Korschenbroich"
    }
},
{
    "pk": 25, 
    "model": "woistbier_rest.beer", 
    "fields": {
        "brew": "pils", 
        "brand": "Guinness", 
        "name": "Kilkenny", 
        "location": "Dublin, IRL"
    }
},
{
    "pk": 26, 
    "model": "woistbier_rest.beer", 
    "fields": {
        "brew": "pils", 
        "brand": "Guinness", 
        "name": "Guinness Extra Stout", 
        "location": "Dublin, IRL"
    }
},
{
    "pk": 27, 
    "model": "woistbier_rest.beer", 
    "fields": {
        "brew": "pils", 
        "brand": "K\u00f6stritzer Schwarzbierbrauerei", 
        "name": "K\u00f6stritzer", 
        "location": "Bad K\u00f6stritz"
    }
},
{
    "pk": 28, 
    "model": "woistbier_rest.beer", 
    "fields": {
        "brew": "pils", 
        "brand": "\u017bywiec Brauerei", 
        "name": "Warka", 
        "location": "\u017bywiec, PL"
    }
},
{
    "pk": 29, 
    "model": "woistbier_rest.beer", 
    "fields": {
        "brew": "pils", 
        "brand": "Bud\u011bjovick\u00fd Budvar", 
        "name": "Budweiser Budvar", 
        "location": "Budweis, CZ"
    }
},
{
    "pk": 30, 
    "model": "woistbier_rest.beer", 
    "fields": {
        "brew": "pils", 
        "brand": "Royal Unibrew", 
        "name": "Faxe", 
        "location": "Fakse, DEN"
    }
},
{
    "pk": 31, 
    "model": "woistbier_rest.beer", 
    "fields": {
        "brew": "pils", 
        "brand": "Duff", 
        "name": "Duff", 
        "location": "Gotha"
    }
},
{
    "pk": 32, 
    "model": "woistbier_rest.beer", 
    "fields": {
        "brew": "pils", 
        "brand": "Sagres", 
        "name": "Sagres", 
        "location": "Vila Franca de Xira, P"
    }
},
{
    "pk": 33, 
    "model": "woistbier_rest.beer", 
    "fields": {
        "brew": "pils", 
        "brand": "L\u00f6wenbr\u00e4u", 
        "name": "L\u00f6wenbr\u00e4u", 
        "location": "M\u00fcnchen"
    }
},
{
    "pk": 34, 
    "model": "woistbier_rest.beer", 
    "fields": {
        "brew": "pils", 
        "brand": "Warsteiner Brauerei", 
        "name": "Warsteiner", 
        "location": "Warstein"
    }
},
{
    "pk": 35, 
    "model": "woistbier_rest.beer", 
    "fields": {
        "brew": "pils", 
        "brand": "Bayreuther Bierbrauerei AG", 
        "name": "Zwick'l Kellerbier", 
        "location": "Bayreuth"
    }
},
{
    "pk": 36, 
    "model": "woistbier_rest.beer", 
    "fields": {
        "brew": "pils", 
        "brand": "Weisses Br\u00e4uhaus G. Schneider & Sohn GmbH", 
        "name": "Schneider Weisse", 
        "location": "M\u00fcnchen"
    }
},
{
    "pk": 37, 
    "model": "woistbier_rest.beer", 
    "fields": {
        "brew": "pils", 
        "brand": "Pott's Brauerei", 
        "name": "Pott's Landbier", 
        "location": "Oelden"
    }
},
{
    "pk": 38, 
    "model": "woistbier_rest.beer", 
    "fields": {
        "brew": "pils", 
        "brand": "Holsten-Brauerei", 
        "name": "Holsten", 
        "location": "Hamburg"
    }
},
{
    "pk": 39, 
    "model": "woistbier_rest.beer", 
    "fields": {
        "brew": "pils", 
        "brand": "Brauerei K\u00f6nigshof", 
        "name": "Landf\u00fcrst", 
        "location": "Krefeld Fischeln"
    }
},
{
    "pk": 40, 
    "model": "woistbier_rest.beer", 
    "fields": {
        "brew": "pils", 
        "brand": "Holsten Brauerei", 
        "name": "Astra", 
        "location": "Hamburg"
    }
},
{
    "pk": 41, 
    "model": "woistbier_rest.beer", 
    "fields": {
        "brew": "pils", 
        "brand": "Holsten Brauerei", 
        "name": "Astra Rotlicht", 
        "location": "Hamburg"
    }
},
{
    "pk": 42, 
    "model": "woistbier_rest.beer", 
    "fields": {
        "brew": "pils", 
        "brand": "Anadolu Efes", 
        "name": "Efes", 
        "location": "\u0130zmir, T\u00dcR"
    }
},
{
    "pk": 43, 
    "model": "woistbier_rest.beer", 
    "fields": {
        "brew": "pils", 
        "brand": "Brasserie Fischer", 
        "name": "Desperados", 
        "location": "Schiltigheim"
    }
},
{
    "pk": 44, 
    "model": "woistbier_rest.beer", 
    "fields": {
        "brew": "pils", 
        "brand": "Bitburger Brauerei", 
        "name": "Bitburger", 
        "location": "Bitburg"
    }
},
{
    "pk": 45, 
    "model": "woistbier_rest.beer", 
    "fields": {
        "brew": "pils", 
        "brand": "Kompania Piwowarska", 
        "name": "Lech", 
        "location": "Poznan, PL"
    }
},
{
    "pk": 46, 
    "model": "woistbier_rest.beer", 
    "fields": {
        "brew": "pils", 
        "brand": "Browary Warka", 
        "name": "Strong", 
        "location": "Saybusch, Oberschlesien, PL"
    }
},
{
    "pk": 47, 
    "model": "woistbier_rest.beer", 
    "fields": {
        "brew": "pils", 
        "brand": "Tyskie Brauerei", 
        "name": "Tyskie", 
        "location": "Tychy, Oberschlesien, PL"
    }
},
{
    "pk": 48, 
    "model": "woistbier_rest.beer", 
    "fields": {
        "brew": "pils", 
        "brand": "Oettinger Brauerei", 
        "name": "Oettinger", 
        "location": "Oetting"
    }
},
{
    "pk": 49, 
    "model": "woistbier_rest.beer", 
    "fields": {
        "brew": "pils", 
        "brand": "Privatbrauerei Jacob Stauder ", 
        "name": "Stauder", 
        "location": "Essen"
    }
},
{
    "pk": 50, 
    "model": "woistbier_rest.beer", 
    "fields": {
        "brew": "pils", 
        "brand": "Privatbrauerei Br\u00fcgerbr\u00e4u", 
        "name": "Alpenstoff", 
        "location": "Bad Reichenhall"
    }
},
{
    "pk": 51, 
    "model": "woistbier_rest.beer", 
    "fields": {
        "brew": "pils", 
        "brand": "Dortmunder Actien-Brauerei", 
        "name": "DAB", 
        "location": "Dortmund"
    }
},
{
    "pk": 52, 
    "model": "woistbier_rest.beer", 
    "fields": {
        "brew": "pils", 
        "brand": "Spaten-Franziskaner-Br\u00e4u", 
        "name": "Franziskaner", 
        "location": "M\u00fcnchen"
    }
},
{
    "pk": 53, 
    "model": "woistbier_rest.beer", 
    "fields": {
        "brew": "pils", 
        "brand": "Wick\u00fcler Brauerei", 
        "name": "Wick\u00fcler", 
        "location": "Dortmund"
    }
},
{
    "pk": 54, 
    "model": "woistbier_rest.beer", 
    "fields": {
        "brew": "pils", 
        "brand": "Bergmann Brauerei", 
        "name": "Bergmann Pils", 
        "location": "Dortmund"
    }
},
{
    "pk": 55, 
    "model": "woistbier_rest.beer", 
    "fields": {
        "brew": "pils", 
        "brand": "Bergmann Brauerei", 
        "name": "Bergmann Spezial II", 
        "location": "Dortmund"
    }
},
{
    "pk": 56, 
    "model": "woistbier_rest.beer", 
    "fields": {
        "brew": "export", 
        "brand": "Bergmann Brauerei", 
        "name": "Bergmann Export II", 
        "location": "Dortmund"
    }
},
{
    "pk": 57, 
    "model": "woistbier_rest.beer", 
    "fields": {
        "brew": "pils", 
        "brand": "Bergmann Brauerei", 
        "name": "Bergmann Schwarzbier", 
        "location": "Dortmund"
    }
},
{
    "pk": 58, 
    "model": "woistbier_rest.beer", 
    "fields": {
        "brew": "export", 
        "brand": "Spaten-Franziskaner-Br\u00e4u", 
        "name": "Spaten Helles", 
        "location": "M\u00fcnchen"
    }
},
{
    "pk": 59, 
    "model": "woistbier_rest.beer", 
    "fields": {
        "brew": "pils", 
        "brand": "Grupo Modelo", 
        "name": "Corona", 
        "location": "Mexiko"
    }
},
{
    "pk": 60, 
    "model": "woistbier_rest.beer", 
    "fields": {
        "brew": "pils", 
        "brand": "F\u00f6rster & Brecker", 
        "name": "Gutsherren", 
        "location": "Hameln"
    }
},
{
    "pk": 61, 
    "model": "woistbier_rest.beer", 
    "fields": {
        "brew": "export", 
        "brand": "Union", 
        "name": "Union", 
        "location": "Dortmund"
    }
},
{
    "pk": 62, 
    "model": "woistbier_rest.beer", 
    "fields": {
        "brew": "pils", 
        "brand": "Flensburger Brauerei Emil Petersen", 
        "name": "Flensburger", 
        "location": "Flensburg"
    }
},
{
    "pk": 63, 
    "model": "woistbier_rest.beer", 
    "fields": {
        "brew": "pils", 
        "brand": "Krombacher Brauerei", 
        "name": "Krombacher", 
        "location": "Kreuztal"
    }
},
{
    "pk": 64, 
    "model": "woistbier_rest.beer", 
    "fields": {
        "brew": "pils", 
        "brand": "K\u00f6nig Brauerei", 
        "name": "K\u00f6nig Pilsener", 
        "location": "Duisburg"
    }
},
{
    "pk": 65, 
    "model": "woistbier_rest.beer", 
    "fields": {
        "brew": "pils", 
        "brand": "Karlsberg Brauerei", 
        "name": "Karlsberg Mixery", 
        "location": "Homburg"
    }
},
{
    "pk": 66, 
    "model": "woistbier_rest.beer", 
    "fields": {
        "brew": "pils", 
        "brand": "Brauerei Beck", 
        "name": "Beck's Gold", 
        "location": "Bremen"
    }
},
{
    "pk": 21, 
    "model": "woistbier_rest.comment", 
    "fields": {
        "comment": "auffe mallinckr\u00f6te is am sch\u00f6nsten.", 
        "kiosk": 10, 
        "name": "Kr\u00f6te ", 
        "created": "2013-06-09T18:25:02Z"
    }
},
{
    "pk": 22, 
    "model": "woistbier_rest.comment", 
    "fields": {
        "comment": "mag Pils gerne ", 
        "kiosk": 6, 
        "name": "hans", 
        "created": "2013-06-14T16:16:36Z"
    }
},
{
    "pk": 23, 
    "model": "woistbier_rest.comment", 
    "fields": {
        "comment": "ein test", 
        "kiosk": 10, 
        "name": "hallo", 
        "created": "2013-08-03T16:18:28Z"
    }
},
{
    "pk": 24, 
    "model": "woistbier_rest.comment", 
    "fields": {
        "comment": "habs albert ", 
        "kiosk": 38, 
        "name": "otto", 
        "created": "2013-08-04T16:01:14Z"
    }
},
{
    "pk": 25, 
    "model": "woistbier_rest.comment", 
    "fields": {
        "comment": "vbnvcgg", 
        "kiosk": 33, 
        "name": "fcgbh", 
        "created": "2013-08-04T16:10:08Z"
    }
},
{
    "pk": 26, 
    "model": "woistbier_rest.comment", 
    "fields": {
        "comment": "ganz viel Text gue rein Ballerina lecker. imglol", 
        "kiosk": 40, 
        "name": "test", 
        "created": "2013-08-06T17:11:13Z"
    }
},
{
    "pk": 27, 
    "model": "woistbier_rest.comment", 
    "fields": {
        "comment": "Otto ist der beste Kollegen bin Benjamin blumchen. voll Gangster. ", 
        "kiosk": 40, 
        "name": "hans", 
        "created": "2013-08-06T17:12:11Z"
    }
},
{
    "pk": 28, 
    "model": "woistbier_rest.comment", 
    "fields": {
        "comment": "lustige Aachen werden im Radio erz\u00e4hlt. voll unterhalstsam", 
        "kiosk": 40, 
        "name": "ahah", 
        "created": "2013-08-06T17:13:03Z"
    }
},
{
    "pk": 29, 
    "model": "woistbier_rest.comment", 
    "fields": {
        "comment": "Debora Endkunden djd j dkd je Sh. djdjjd. Ei. r jsusvf vsudfb jsi Thema budber s", 
        "kiosk": 10, 
        "name": "vla bluv", 
        "created": "2013-08-06T17:30:48Z"
    }
},
{
    "pk": 30, 
    "model": "woistbier_rest.comment", 
    "fields": {
        "comment": "fndbfjf", 
        "kiosk": 10, 
        "name": "fjdjfjf", 
        "created": "2013-08-06T17:31:14Z"
    }
},
{
    "pk": 31, 
    "model": "woistbier_rest.comment", 
    "fields": {
        "comment": "mit fielen Fr\u00fcchte n im wassr", 
        "kiosk": 10, 
        "name": "ali baba hat biet", 
        "created": "2013-08-06T17:32:03Z"
    }
},
{
    "pk": 32, 
    "model": "woistbier_rest.comment", 
    "fields": {
        "comment": "Texte einen weiteren komme tar. lecker Termin. ", 
        "kiosk": 29, 
        "name": "hans", 
        "created": "2013-08-07T07:41:00Z"
    }
},
{
    "pk": 33, 
    "model": "woistbier_rest.comment", 
    "fields": {
        "comment": "gbz viel leckeren Text in diesem Kommentar. ein halbwegs Roman Stoltenberg hier stehen hasten was zu lesen.", 
        "kiosk": 10, 
        "name": "test", 
        "created": "2013-08-11T17:55:23Z"
    }
},
{
    "pk": 36, 
    "model": "woistbier_rest.comment", 
    "fields": {
        "comment": "Mitarbeiter hier sind voll nett.", 
        "kiosk": 39, 
        "name": "kai", 
        "created": "2013-08-11T18:01:18Z"
    }
},
{
    "pk": 38, 
    "model": "woistbier_rest.comment", 
    "fields": {
        "comment": "Checke check", 
        "kiosk": 6, 
        "name": "Alexey", 
        "created": "2013-08-13T16:54:47Z"
    }
},
{
    "pk": 39, 
    "model": "woistbier_rest.comment", 
    "fields": {
        "comment": "Judith sieht betrrnleb aus", 
        "kiosk": 82, 
        "name": "gans", 
        "created": "2013-08-13T20:42:40Z"
    }
},
{
    "pk": 40, 
    "model": "woistbier_rest.comment", 
    "fields": {
        "comment": "htfhgdjztjztfdztfdng", 
        "kiosk": 6, 
        "name": "Anonymer Alkoholiker", 
        "created": "2013-08-16T10:52:28Z"
    }
},
{
    "pk": 41, 
    "model": "woistbier_rest.comment", 
    "fields": {
        "comment": "Baby es gibt Reis!", 
        "kiosk": 6, 
        "name": "helge", 
        "created": "2013-08-17T11:44:32Z"
    }
},
{
    "pk": 42, 
    "model": "woistbier_rest.comment", 
    "fields": {
        "comment": "da war ich letztens erst. hatte voll lange auf.", 
        "kiosk": 82, 
        "name": "kai", 
        "created": "2013-08-27T21:04:03Z"
    }
},
{
    "pk": 43, 
    "model": "woistbier_rest.comment", 
    "fields": {
        "comment": "hallo", 
        "kiosk": 52, 
        "name": "Peter ", 
        "created": "2013-08-28T14:13:30Z"
    }
},
{
    "pk": 44, 
    "model": "woistbier_rest.comment", 
    "fields": {
        "comment": "dhshsbshsh", 
        "kiosk": 82, 
        "name": "gahahs", 
        "created": "2013-08-30T10:11:41Z"
    }
},
{
    "pk": 45, 
    "model": "woistbier_rest.comment", 
    "fields": {
        "comment": "dhdhdhdnjdd", 
        "kiosk": 18, 
        "name": "ahshs ", 
        "created": "2013-08-30T19:39:56Z"
    }
},
{
    "pk": 47, 
    "model": "woistbier_rest.comment", 
    "fields": {
        "comment": "mag den Hans voll gerne", 
        "kiosk": 39, 
        "name": "oto", 
        "created": "2013-09-02T17:11:16Z"
    }
},
{
    "pk": 48, 
    "model": "woistbier_rest.comment", 
    "fields": {
        "comment": "voll tolle info", 
        "kiosk": 39, 
        "name": "aha", 
        "created": "2013-09-02T17:11:35Z"
    }
},
{
    "pk": 49, 
    "model": "woistbier_rest.comment", 
    "fields": {
        "comment": "Lorem ipsum dolor sit amet, consetetur sadipscing elitr, sed diam nonumy eirmod tempor invidunt ut labore et dolore magna aliquyam erat, sed diam", 
        "kiosk": 82, 
        "name": "Author", 
        "created": "2013-09-13T09:29:22Z"
    }
},
{
    "pk": 50, 
    "model": "woistbier_rest.comment", 
    "fields": {
        "comment": "Lorem ipsum dolor sit amet, consetetur sadipscing elitr, sed diam nonumy eirmod tempor invidunt ut labore et dolore magna aliquyam erat, sed diam", 
        "kiosk": 82, 
        "name": "Author", 
        "created": "2013-09-13T09:53:27Z"
    }
},
{
    "pk": 54, 
    "model": "woistbier_rest.comment", 
    "fields": {
        "comment": "Asdasdasdad ahaha lzsitg+", 
        "kiosk": 10, 
        "name": "otto", 
        "created": "2013-09-13T12:31:22Z"
    }
},
{
    "pk": 57, 
    "model": "woistbier_rest.comment", 
    "fields": {
        "comment": "Da wohn ich :)", 
        "kiosk": 97, 
        "name": "Kevin", 
        "created": "2013-09-16T08:48:59Z"
    }
},
{
    "pk": 61, 
    "model": "woistbier_rest.comment", 
    "fields": {
        "comment": "Test", 
        "kiosk": 36, 
        "name": "Dein Name", 
        "created": "2013-09-17T10:55:55Z"
    }
},
{
    "pk": 62, 
    "model": "woistbier_rest.comment", 
    "fields": {
        "comment": "Kommentar eingeben!", 
        "kiosk": 10, 
        "name": "Dein Name", 
        "created": "2013-09-17T13:31:48Z"
    }
},
{
    "pk": 63, 
    "model": "woistbier_rest.comment", 
    "fields": {
        "comment": "Kommentar eingeben!", 
        "kiosk": 10, 
        "name": "Dein Name", 
        "created": "2013-09-17T13:31:53Z"
    }
},
{
    "pk": 64, 
    "model": "woistbier_rest.comment", 
    "fields": {
        "comment": " Kai stinkt", 
        "kiosk": 82, 
        "name": "Dein Name", 
        "created": "2013-09-17T13:34:17Z"
    }
},
{
    "pk": 65, 
    "model": "woistbier_rest.comment", 
    "fields": {
        "comment": "Bla bla bier", 
        "kiosk": 10, 
        "name": "bla", 
        "created": "2013-09-17T15:43:31Z"
    }
},
{
    "pk": 66, 
    "model": "woistbier_rest.comment", 
    "fields": {
        "comment": "Wir sollten nur noch \u00fcber die Kommentare hier kommunizieren!", 
        "kiosk": 40, 
        "name": "Dein Name", 
        "created": "2013-09-17T16:58:50Z"
    }
},
{
    "pk": 67, 
    "model": "woistbier_rest.comment", 
    "fields": {
        "comment": "djdjdjdjdjdj", 
        "kiosk": 40, 
        "name": "sksk", 
        "created": "2013-09-18T14:13:46Z"
    }
},
{
    "pk": 68, 
    "model": "woistbier_rest.comment", 
    "fields": {
        "comment": "Dieser Kiosk existiert nicht! Was eine schei\u00df app! Da sind lauter Dinge drin die es nicht gibt :O", 
        "kiosk": 102, 
        "name": "bla", 
        "created": "2013-09-22T13:44:25Z"
    }
},
{
    "pk": 69, 
    "model": "woistbier_rest.comment", 
    "fields": {
        "comment": "Pups", 
        "kiosk": 82, 
        "name": "Dein Name", 
        "created": "2013-09-22T13:48:42Z"
    }
},
{
    "pk": 71, 
    "model": "woistbier_rest.comment", 
    "fields": {
        "comment": "Ggf Boll Ey\n", 
        "kiosk": 82, 
        "name": "fjgd", 
        "created": "2013-09-25T13:26:45Z"
    }
},
{
    "pk": 72, 
    "model": "woistbier_rest.comment", 
    "fields": {
        "comment": "Mag gerne bier trinken. Weil das ist lecker\n\nAds\n", 
        "kiosk": 82, 
        "name": "otto", 
        "created": "2013-09-25T13:36:47Z"
    }
},
{
    "pk": 73, 
    "model": "woistbier_rest.comment", 
    "fields": {
        "comment": "Mehr tests f\u00fcr kommetnare", 
        "kiosk": 82, 
        "name": "Dein Name", 
        "created": "2013-09-25T13:43:52Z"
    }
},
{
    "pk": 81, 
    "model": "woistbier_rest.comment", 
    "fields": {
        "comment": "Blabla", 
        "kiosk": 82, 
        "name": "Dein Name", 
        "created": "2013-09-27T10:02:28Z"
    }
},
{
    "pk": 82, 
    "model": "woistbier_rest.comment", 
    "fields": {
        "comment": "Yaaay ein Kommentar!", 
        "kiosk": 96, 
        "name": "Dein Name", 
        "created": "2013-09-28T17:18:56Z"
    }
},
{
    "pk": 83, 
    "model": "woistbier_rest.comment", 
    "fields": {
        "comment": "gjdjggjgfm", 
        "kiosk": 107, 
        "name": "otto", 
        "created": "2013-09-28T17:58:07Z"
    }
},
{
    "pk": 84, 
    "model": "woistbier_rest.comment", 
    "fields": {
        "comment": "fkcjdhjxjxj", 
        "kiosk": 107, 
        "name": "hxhs", 
        "created": "2013-09-28T17:58:25Z"
    }
},
{
    "pk": 86, 
    "model": "woistbier_rest.comment", 
    "fields": {
        "comment": "omg geil", 
        "kiosk": 10, 
        "name": "test", 
        "created": "2013-09-29T19:44:04Z"
    }
},
{
    "pk": 87, 
    "model": "woistbier_rest.comment", 
    "fields": {
        "comment": "Test\t", 
        "kiosk": 36, 
        "name": "alex", 
        "created": "2013-10-01T09:52:30Z"
    }
},
{
    "pk": 89, 
    "model": "woistbier_rest.comment", 
    "fields": {
        "comment": "Bla\nKlicks\nPfundiger\nLyons mampfend\nLyrikb\u00e4nde\niDisk\nSollst", 
        "kiosk": 40, 
        "name": "Dein Name", 
        "created": "2013-10-01T14:45:08Z"
    }
},
{
    "pk": 90, 
    "model": "woistbier_rest.comment", 
    "fields": {
        "comment": "Das wird ein l\u00e4nger Text LG\nH\nH\nD\n\nJ\nD\n\nH\nH\nH\nK\nH\nS\n\nF\n\n\n\nGeklaubtes\n", 
        "kiosk": 10, 
        "name": "Dein Name", 
        "created": "2013-10-01T16:12:24Z"
    }
},
{
    "pk": 91, 
    "model": "woistbier_rest.comment", 
    "fields": {
        "comment": "Das ist ein sch\u00f6ner Kiosk mit sehr vielen geschmacklichen H\u00f6hepunkten!", 
        "kiosk": 101, 
        "name": "meister P", 
        "created": "2013-10-01T19:28:58Z"
    }
},
{
    "pk": 92, 
    "model": "woistbier_rest.comment", 
    "fields": {
        "comment": "Ich wohne doch hier! Krass!", 
        "kiosk": 81, 
        "name": "alexey", 
        "created": "2013-10-01T19:29:18Z"
    }
},
{
    "pk": 93, 
    "model": "woistbier_rest.comment", 
    "fields": {
        "comment": "Kann's", 
        "kiosk": 101, 
        "name": "Dein Name", 
        "created": "2013-10-01T19:29:19Z"
    }
},
{
    "pk": 94, 
    "model": "woistbier_rest.comment", 
    "fields": {
        "comment": "Und noch ein Kommentar mit ganz vielen\n\n\nZeilenumbr\u00fcchen\n\n\n\n\n\n\nKakaos\n\n\n\n\n\n\nLalala\n\n\nAuch am Ende\n\n\n\n\n\n\n\n", 
        "kiosk": 101, 
        "name": "Dein Name", 
        "created": "2013-10-02T09:54:18Z"
    }
},
{
    "pk": 106, 
    "model": "woistbier_rest.comment", 
    "fields": {
        "comment": "omin\u00f6se gestalten mit Hut. voll s\u00fc\u00df!", 
        "kiosk": 37, 
        "name": "bunny", 
        "created": "2013-10-08T20:30:49Z"
    }
},
{
    "pk": 107, 
    "model": "woistbier_rest.comment", 
    "fields": {
        "comment": "Was ist das f\u00fcr ein Mann in den Bildern?", 
        "kiosk": 45, 
        "name": "xela", 
        "created": "2013-10-08T22:43:42Z"
    }
},
{
    "pk": 108, 
    "model": "woistbier_rest.comment", 
    "fields": {
        "comment": "Erster!\n", 
        "kiosk": 130, 
        "name": "luli", 
        "created": "2013-10-09T15:08:03Z"
    }
},
{
    "pk": 109, 
    "model": "woistbier_rest.comment", 
    "fields": {
        "comment": "deine mudda!", 
        "kiosk": 45, 
        "name": "kai", 
        "created": "2013-10-09T16:02:06Z"
    }
},
{
    "pk": 110, 
    "model": "woistbier_rest.comment", 
    "fields": {
        "comment": "Janinen", 
        "kiosk": 129, 
        "name": "otto", 
        "created": "2013-10-09T22:56:47Z"
    }
},
{
    "pk": 111, 
    "model": "woistbier_rest.comment", 
    "fields": {
        "comment": "Sch\u00f6n w\u00e4r's!", 
        "kiosk": 45, 
        "name": "xela", 
        "created": "2013-10-09T23:12:49Z"
    }
},
{
    "pk": 112, 
    "model": "woistbier_rest.comment", 
    "fields": {
        "comment": "zweiter!", 
        "kiosk": 130, 
        "name": "omma", 
        "created": "2013-10-10T11:15:51Z"
    }
},
{
    "pk": 114, 
    "model": "woistbier_rest.comment", 
    "fields": {
        "comment": "\u00f1djdjdjddfdjdjdjdjdjdjdjdjddjdjdjdjjdjfjfjfdddhdhdjdjdjdndjdjdjdjdjdjdjdndbdjdjdndjdjdjdndndndjdjdjdjdhdjdjdjdhdjdjdndjdjdjdjddddjdjdjdjdjdjdhdhdhdhd \u00f1djdjdjddfdjdjdjdjdjdjdjdjddjdjdjdjjdjfjfjfdddhdhdjdjdjdndjdjdjdjdjdjdjdndbdjdjdndjdjdjdndndndjdjdjdjdhdjdjdjdhdjdjdndjdjdjdjddddjdjdjdj", 
        "kiosk": 33, 
        "name": "otto", 
        "created": "2013-10-10T15:41:57Z"
    }
},
{
    "pk": 115, 
    "model": "woistbier_rest.comment", 
    "fields": {
        "comment": "Asdasdasd", 
        "kiosk": 99, 
        "name": "horst", 
        "created": "2013-10-11T11:55:28Z"
    }
},
{
    "pk": 116, 
    "model": "woistbier_rest.comment", 
    "fields": {
        "comment": "Asdasdasdas\n", 
        "kiosk": 36, 
        "name": "asdasd", 
        "created": "2013-10-11T12:15:29Z"
    }
},
{
    "pk": 117, 
    "model": "woistbier_rest.comment", 
    "fields": {
        "comment": "Sdfsdfsdfsdfsdfsdf", 
        "kiosk": 82, 
        "name": "sdfsdfsdfsdfsdf", 
        "created": "2013-10-11T12:25:04Z"
    }
},
{
    "pk": 118, 
    "model": "woistbier_rest.comment", 
    "fields": {
        "comment": "hallo je fa!", 
        "kiosk": 34, 
        "name": "Hahn", 
        "created": "2013-10-11T12:52:08Z"
    }
},
{
    "pk": 119, 
    "model": "woistbier_rest.comment", 
    "fields": {
        "comment": "Hallo das ist voll nervig das der Text hier verschwibns", 
        "kiosk": 43, 
        "name": "ffgg", 
        "created": "2013-10-11T16:31:54Z"
    }
},
{
    "pk": 120, 
    "model": "woistbier_rest.comment", 
    "fields": {
        "comment": "Ist ein schei\u00df Kiosk\n", 
        "kiosk": 133, 
        "name": "Hans Wurst", 
        "created": "2013-10-12T14:27:08Z"
    }
},
{
    "pk": 121, 
    "model": "woistbier_rest.comment", 
    "fields": {
        "comment": "Das gef\u00e4llt!  gibts da auch hansa?", 
        "kiosk": 134, 
        "name": "kai", 
        "created": "2013-10-13T21:01:37Z"
    }
},
{
    "pk": 122, 
    "model": "woistbier_rest.comment", 
    "fields": {
        "comment": "Check", 
        "kiosk": 100, 
        "name": "alexey", 
        "created": "2013-10-13T23:22:46Z"
    }
},
{
    "pk": 3, 
    "model": "woistbier_rest.beerprice", 
    "fields": {
        "created": "2013-04-21T18:31:52Z", 
        "price": 100, 
        "kiosk": 18, 
        "modified": "2013-09-26T21:17:38Z", 
        "beer": 11, 
        "score": 200.0, 
        "size": 0.5
    }
},
{
    "pk": 12, 
    "model": "woistbier_rest.beerprice", 
    "fields": {
        "created": "2013-03-13T13:49:54Z", 
        "price": 53, 
        "kiosk": 6, 
        "modified": "2013-08-17T11:42:26Z", 
        "beer": 6, 
        "score": 106.0, 
        "size": 0.5
    }
},
{
    "pk": 13, 
    "model": "woistbier_rest.beerprice", 
    "fields": {
        "created": "2013-03-13T13:49:56Z", 
        "price": 59, 
        "kiosk": 6, 
        "modified": "2013-08-17T11:43:28Z", 
        "beer": 7, 
        "score": 118.0, 
        "size": 0.5
    }
},
{
    "pk": 14, 
    "model": "woistbier_rest.beerprice", 
    "fields": {
        "created": "2013-03-30T19:59:48Z", 
        "price": 60, 
        "kiosk": 29, 
        "modified": "2013-04-21T13:20:02Z", 
        "beer": 6, 
        "score": 0.0, 
        "size": 0.5
    }
},
{
    "pk": 15, 
    "model": "woistbier_rest.beerprice", 
    "fields": {
        "created": "2013-03-30T19:59:48Z", 
        "price": 60, 
        "kiosk": 29, 
        "modified": "2013-09-26T21:10:48Z", 
        "beer": 7, 
        "score": 120.0, 
        "size": 0.5
    }
},
{
    "pk": 16, 
    "model": "woistbier_rest.beerprice", 
    "fields": {
        "created": "2013-04-08T19:15:48Z", 
        "price": 100, 
        "kiosk": 18, 
        "modified": "2013-09-26T21:18:02Z", 
        "beer": 8, 
        "score": 200.0, 
        "size": 0.5
    }
},
{
    "pk": 17, 
    "model": "woistbier_rest.beerprice", 
    "fields": {
        "created": "2013-04-08T19:19:05Z", 
        "price": 100, 
        "kiosk": 18, 
        "modified": "2013-09-28T15:21:07Z", 
        "beer": 9, 
        "score": 303.030303030303, 
        "size": 0.33
    }
},
{
    "pk": 18, 
    "model": "woistbier_rest.beerprice", 
    "fields": {
        "created": "2013-04-08T19:20:41Z", 
        "price": 135, 
        "kiosk": 10, 
        "modified": "2013-10-01T15:03:54Z", 
        "beer": 6, 
        "score": 192.857142857143, 
        "size": 0.7
    }
},
{
    "pk": 19, 
    "model": "woistbier_rest.beerprice", 
    "fields": {
        "created": "2013-04-08T19:29:37Z", 
        "price": 50, 
        "kiosk": 9, 
        "modified": "2013-10-13T20:58:19Z", 
        "beer": 6, 
        "score": 100.0, 
        "size": 0.5
    }
},
{
    "pk": 20, 
    "model": "woistbier_rest.beerprice", 
    "fields": {
        "created": "2013-04-08T19:31:48Z", 
        "price": 50, 
        "kiosk": 18, 
        "modified": "2013-08-30T19:41:18Z", 
        "beer": 6, 
        "score": 100.0, 
        "size": 0.5
    }
},
{
    "pk": 21, 
    "model": "woistbier_rest.beerprice", 
    "fields": {
        "created": "2013-04-08T20:05:32Z", 
        "price": 294, 
        "kiosk": 6, 
        "modified": "2013-10-05T20:03:18Z", 
        "beer": 5, 
        "score": 588.0, 
        "size": 0.5
    }
},
{
    "pk": 22, 
    "model": "woistbier_rest.beerprice", 
    "fields": {
        "created": "2013-04-10T17:26:20Z", 
        "price": 100, 
        "kiosk": 18, 
        "modified": "2013-04-10T17:26:20Z", 
        "beer": 5, 
        "score": 0.0, 
        "size": 0.5
    }
},
{
    "pk": 24, 
    "model": "woistbier_rest.beerprice", 
    "fields": {
        "created": "2013-04-15T20:33:00Z", 
        "price": 60, 
        "kiosk": 33, 
        "modified": "2013-06-14T16:22:53Z", 
        "beer": 6, 
        "score": 120.0, 
        "size": 0.5
    }
},
{
    "pk": 25, 
    "model": "woistbier_rest.beerprice", 
    "fields": {
        "created": "2013-04-21T13:28:22Z", 
        "price": 325, 
        "kiosk": 18, 
        "modified": "2013-10-01T14:52:44Z", 
        "beer": 17, 
        "score": 650.0, 
        "size": 0.5
    }
},
{
    "pk": 26, 
    "model": "woistbier_rest.beerprice", 
    "fields": {
        "created": "2013-04-21T13:45:35Z", 
        "price": 100, 
        "kiosk": 33, 
        "modified": "2013-06-14T16:23:09Z", 
        "beer": 5, 
        "score": 200.0, 
        "size": 0.5
    }
},
{
    "pk": 27, 
    "model": "woistbier_rest.beerprice", 
    "fields": {
        "created": "2013-04-21T13:48:54Z", 
        "price": 100, 
        "kiosk": 29, 
        "modified": "2013-04-21T13:48:54Z", 
        "beer": 63, 
        "score": 0.0, 
        "size": 0.5
    }
},
{
    "pk": 28, 
    "model": "woistbier_rest.beerprice", 
    "fields": {
        "created": "2013-05-21T14:23:51Z", 
        "price": 100, 
        "kiosk": 10, 
        "modified": "2013-06-09T18:25:34Z", 
        "beer": 5, 
        "score": 200.0, 
        "size": 0.5
    }
},
{
    "pk": 29, 
    "model": "woistbier_rest.beerprice", 
    "fields": {
        "created": "2013-06-14T16:21:29Z", 
        "price": 190, 
        "kiosk": 9, 
        "modified": "2013-10-13T20:57:16Z", 
        "beer": 5, 
        "score": 380.0, 
        "size": 0.5
    }
},
{
    "pk": 30, 
    "model": "woistbier_rest.beerprice", 
    "fields": {
        "created": "2013-08-03T09:52:07Z", 
        "price": 120, 
        "kiosk": 33, 
        "modified": "2013-08-03T09:52:07Z", 
        "beer": 13, 
        "score": 240.0, 
        "size": 0.5
    }
},
{
    "pk": 31, 
    "model": "woistbier_rest.beerprice", 
    "fields": {
        "created": "2013-08-03T16:15:31Z", 
        "price": 80, 
        "kiosk": 10, 
        "modified": "2013-10-01T14:09:07Z", 
        "beer": 9, 
        "score": 242.424242424242, 
        "size": 0.33
    }
},
{
    "pk": 32, 
    "model": "woistbier_rest.beerprice", 
    "fields": {
        "created": "2013-08-03T16:17:35Z", 
        "price": 50, 
        "kiosk": 10, 
        "modified": "2013-09-27T00:27:52Z", 
        "beer": 7, 
        "score": 200.0, 
        "size": 0.25
    }
},
{
    "pk": 33, 
    "model": "woistbier_rest.beerprice", 
    "fields": {
        "created": "2013-08-04T16:02:08Z", 
        "price": 110, 
        "kiosk": 18, 
        "modified": "2013-10-01T09:55:28Z", 
        "beer": 63, 
        "score": 220.0, 
        "size": 0.5
    }
},
{
    "pk": 34, 
    "model": "woistbier_rest.beerprice", 
    "fields": {
        "created": "2013-08-06T18:13:43Z", 
        "price": 100, 
        "kiosk": 40, 
        "modified": "2013-10-01T13:33:17Z", 
        "beer": 7, 
        "score": 200.0, 
        "size": 0.5
    }
},
{
    "pk": 35, 
    "model": "woistbier_rest.beerprice", 
    "fields": {
        "created": "2013-08-11T18:00:43Z", 
        "price": 50, 
        "kiosk": 39, 
        "modified": "2013-08-11T18:00:56Z", 
        "beer": 6, 
        "score": 100.0, 
        "size": 0.5
    }
},
{
    "pk": 36, 
    "model": "woistbier_rest.beerprice", 
    "fields": {
        "created": "2013-08-13T17:15:27Z", 
        "price": 70, 
        "kiosk": 6, 
        "modified": "2013-10-09T12:01:08Z", 
        "beer": 5, 
        "score": 212.121212121212, 
        "size": 0.33
    }
},
{
    "pk": 37, 
    "model": "woistbier_rest.beerprice", 
    "fields": {
        "created": "2013-08-13T17:44:23Z", 
        "price": 140, 
        "kiosk": 59, 
        "modified": "2013-09-27T10:06:16Z", 
        "beer": 9, 
        "score": 280.0, 
        "size": 0.5
    }
},
{
    "pk": 38, 
    "model": "woistbier_rest.beerprice", 
    "fields": {
        "created": "2013-08-13T17:44:41Z", 
        "price": 100, 
        "kiosk": 59, 
        "modified": "2013-08-13T17:44:41Z", 
        "beer": 5, 
        "score": 200.0, 
        "size": 0.5
    }
},
{
    "pk": 39, 
    "model": "woistbier_rest.beerprice", 
    "fields": {
        "created": "2013-08-16T11:14:17Z", 
        "price": 165, 
        "kiosk": 82, 
        "modified": "2013-10-06T15:54:24Z", 
        "beer": 5, 
        "score": 330.0, 
        "size": 0.5
    }
},
{
    "pk": 40, 
    "model": "woistbier_rest.beerprice", 
    "fields": {
        "created": "2013-09-02T17:24:34Z", 
        "price": 100, 
        "kiosk": 10, 
        "modified": "2013-09-26T21:21:37Z", 
        "beer": 54, 
        "score": 200.0, 
        "size": 0.5
    }
},
{
    "pk": 41, 
    "model": "woistbier_rest.beerprice", 
    "fields": {
        "created": "2013-09-02T22:16:35Z", 
        "price": 60, 
        "kiosk": 45, 
        "modified": "2013-09-02T22:16:35Z", 
        "beer": 6, 
        "score": 120.0, 
        "size": 0.5
    }
},
{
    "pk": 42, 
    "model": "woistbier_rest.beerprice", 
    "fields": {
        "created": "2013-09-02T22:21:37Z", 
        "price": 120, 
        "kiosk": 45, 
        "modified": "2013-09-02T22:21:49Z", 
        "beer": 26, 
        "score": 240.0, 
        "size": 0.5
    }
},
{
    "pk": 43, 
    "model": "woistbier_rest.beerprice", 
    "fields": {
        "created": "2013-09-02T22:22:20Z", 
        "price": 100, 
        "kiosk": 45, 
        "modified": "2013-09-02T22:22:20Z", 
        "beer": 57, 
        "score": 200.0, 
        "size": 0.5
    }
},
{
    "pk": 44, 
    "model": "woistbier_rest.beerprice", 
    "fields": {
        "created": "2013-09-18T10:54:22Z", 
        "price": 100, 
        "kiosk": 6, 
        "modified": "2013-09-18T10:54:22Z", 
        "beer": 22, 
        "score": 200.0, 
        "size": 0.5
    }
},
{
    "pk": 45, 
    "model": "woistbier_rest.beerprice", 
    "fields": {
        "created": "2013-09-18T11:45:26Z", 
        "price": 265, 
        "kiosk": 10, 
        "modified": "2013-10-11T13:22:31Z", 
        "beer": 63, 
        "score": 530.0, 
        "size": 0.5
    }
},
{
    "pk": 46, 
    "model": "woistbier_rest.beerprice", 
    "fields": {
        "created": "2013-09-18T11:47:37Z", 
        "price": 217, 
        "kiosk": 40, 
        "modified": "2013-10-06T17:25:40Z", 
        "beer": 9, 
        "score": 434.0, 
        "size": 0.5
    }
},
{
    "pk": 47, 
    "model": "woistbier_rest.beerprice", 
    "fields": {
        "created": "2013-09-18T12:20:23Z", 
        "price": 70, 
        "kiosk": 40, 
        "modified": "2013-09-18T12:20:23Z", 
        "beer": 9, 
        "score": 212.121212121212, 
        "size": 0.33
    }
},
{
    "pk": 48, 
    "model": "woistbier_rest.beerprice", 
    "fields": {
        "created": "2013-09-26T21:19:17Z", 
        "price": 100, 
        "kiosk": 100, 
        "modified": "2013-09-26T21:19:17Z", 
        "beer": 9, 
        "score": 200.0, 
        "size": 0.5
    }
},
{
    "pk": 49, 
    "model": "woistbier_rest.beerprice", 
    "fields": {
        "created": "2013-09-26T21:22:30Z", 
        "price": 110, 
        "kiosk": 10, 
        "modified": "2013-10-09T07:29:16Z", 
        "beer": 21, 
        "score": 220.0, 
        "size": 0.5
    }
},
{
    "pk": 50, 
    "model": "woistbier_rest.beerprice", 
    "fields": {
        "created": "2013-09-28T17:55:08Z", 
        "price": 100, 
        "kiosk": 107, 
        "modified": "2013-09-28T17:55:08Z", 
        "beer": 63, 
        "score": 200.0, 
        "size": 0.5
    }
},
{
    "pk": 51, 
    "model": "woistbier_rest.beerprice", 
    "fields": {
        "created": "2013-10-01T14:19:14Z", 
        "price": 100, 
        "kiosk": 10, 
        "modified": "2013-10-01T14:19:14Z", 
        "beer": 13, 
        "score": 200.0, 
        "size": 0.5
    }
},
{
    "pk": 52, 
    "model": "woistbier_rest.beerprice", 
    "fields": {
        "created": "2013-10-01T15:03:38Z", 
        "price": 100, 
        "kiosk": 10, 
        "modified": "2013-10-01T15:03:38Z", 
        "beer": 6, 
        "score": 200.0, 
        "size": 0.5
    }
},
{
    "pk": 55, 
    "model": "woistbier_rest.beerprice", 
    "fields": {
        "created": "2013-10-01T16:07:41Z", 
        "price": 100, 
        "kiosk": 37, 
        "modified": "2013-10-01T16:07:41Z", 
        "beer": 21, 
        "score": 200.0, 
        "size": 0.5
    }
},
{
    "pk": 56, 
    "model": "woistbier_rest.beerprice", 
    "fields": {
        "created": "2013-10-01T16:07:57Z", 
        "price": 250, 
        "kiosk": 10, 
        "modified": "2013-10-01T16:07:57Z", 
        "beer": 66, 
        "score": 1000.0, 
        "size": 0.25
    }
},
{
    "pk": 57, 
    "model": "woistbier_rest.beerprice", 
    "fields": {
        "created": "2013-10-01T17:32:08Z", 
        "price": 100, 
        "kiosk": 81, 
        "modified": "2013-10-01T17:32:08Z", 
        "beer": 7, 
        "score": 142.857142857143, 
        "size": 0.7
    }
},
{
    "pk": 58, 
    "model": "woistbier_rest.beerprice", 
    "fields": {
        "created": "2013-10-01T17:32:29Z", 
        "price": 190, 
        "kiosk": 81, 
        "modified": "2013-10-01T17:32:29Z", 
        "beer": 22, 
        "score": 575.757575757576, 
        "size": 0.33
    }
},
{
    "pk": 59, 
    "model": "woistbier_rest.beerprice", 
    "fields": {
        "created": "2013-10-01T18:07:10Z", 
        "price": 205, 
        "kiosk": 81, 
        "modified": "2013-10-01T18:07:10Z", 
        "beer": 5, 
        "score": 621.212121212121, 
        "size": 0.33
    }
},
{
    "pk": 66, 
    "model": "woistbier_rest.beerprice", 
    "fields": {
        "created": "2013-10-01T19:12:10Z", 
        "price": 100, 
        "kiosk": 39, 
        "modified": "2013-10-01T19:12:10Z", 
        "beer": 8, 
        "score": 303.030303030303, 
        "size": 0.33
    }
},
{
    "pk": 67, 
    "model": "woistbier_rest.beerprice", 
    "fields": {
        "created": "2013-10-01T19:13:00Z", 
        "price": 180, 
        "kiosk": 39, 
        "modified": "2013-10-01T19:13:00Z", 
        "beer": 11, 
        "score": 360.0, 
        "size": 0.5
    }
},
{
    "pk": 68, 
    "model": "woistbier_rest.beerprice", 
    "fields": {
        "created": "2013-10-01T19:29:28Z", 
        "price": 150, 
        "kiosk": 101, 
        "modified": "2013-10-10T07:33:35Z", 
        "beer": 8, 
        "score": 300.0, 
        "size": 0.5
    }
},
{
    "pk": 69, 
    "model": "woistbier_rest.beerprice", 
    "fields": {
        "created": "2013-10-01T19:37:17Z", 
        "price": 100, 
        "kiosk": 82, 
        "modified": "2013-10-01T19:37:17Z", 
        "beer": 7, 
        "score": 200.0, 
        "size": 0.5
    }
},
{
    "pk": 70, 
    "model": "woistbier_rest.beerprice", 
    "fields": {
        "created": "2013-10-01T19:37:32Z", 
        "price": 100, 
        "kiosk": 82, 
        "modified": "2013-10-01T19:37:32Z", 
        "beer": 9, 
        "score": 200.0, 
        "size": 0.5
    }
},
{
    "pk": 73, 
    "model": "woistbier_rest.beerprice", 
    "fields": {
        "created": "2013-10-01T23:18:19Z", 
        "price": 175, 
        "kiosk": 101, 
        "modified": "2013-10-06T21:40:47Z", 
        "beer": 6, 
        "score": 350.0, 
        "size": 0.5
    }
},
{
    "pk": 74, 
    "model": "woistbier_rest.beerprice", 
    "fields": {
        "created": "2013-10-02T15:17:48Z", 
        "price": 50, 
        "kiosk": 38, 
        "modified": "2013-10-02T15:17:48Z", 
        "beer": 6, 
        "score": 100.0, 
        "size": 0.5
    }
},
{
    "pk": 75, 
    "model": "woistbier_rest.beerprice", 
    "fields": {
        "created": "2013-10-02T15:18:29Z", 
        "price": 110, 
        "kiosk": 41, 
        "modified": "2013-10-11T22:08:27Z", 
        "beer": 8, 
        "score": 220.0, 
        "size": 0.5
    }
},
{
    "pk": 76, 
    "model": "woistbier_rest.beerprice", 
    "fields": {
        "created": "2013-10-02T15:18:58Z", 
        "price": 100, 
        "kiosk": 43, 
        "modified": "2013-10-02T15:18:58Z", 
        "beer": 5, 
        "score": 200.0, 
        "size": 0.5
    }
},
{
    "pk": 77, 
    "model": "woistbier_rest.beerprice", 
    "fields": {
        "created": "2013-10-03T21:56:31Z", 
        "price": 100, 
        "kiosk": 81, 
        "modified": "2013-10-03T21:56:31Z", 
        "beer": 9, 
        "score": 200.0, 
        "size": 0.5
    }
},
{
    "pk": 78, 
    "model": "woistbier_rest.beerprice", 
    "fields": {
        "created": "2013-10-03T21:57:22Z", 
        "price": 145, 
        "kiosk": 81, 
        "modified": "2013-10-03T21:57:22Z", 
        "beer": 7, 
        "score": 290.0, 
        "size": 0.5
    }
},
{
    "pk": 94, 
    "model": "woistbier_rest.beerprice", 
    "fields": {
        "created": "2013-10-05T11:18:24Z", 
        "price": 155, 
        "kiosk": 82, 
        "modified": "2013-10-06T15:52:48Z", 
        "beer": 9, 
        "score": 221.428571428571, 
        "size": 0.7
    }
},
{
    "pk": 96, 
    "model": "woistbier_rest.beerprice", 
    "fields": {
        "created": "2013-10-06T09:52:10Z", 
        "price": 205, 
        "kiosk": 102, 
        "modified": "2013-10-06T21:38:54Z", 
        "beer": 10, 
        "score": 410.0, 
        "size": 0.5
    }
},
{
    "pk": 97, 
    "model": "woistbier_rest.beerprice", 
    "fields": {
        "created": "2013-10-06T09:52:55Z", 
        "price": 100, 
        "kiosk": 102, 
        "modified": "2013-10-06T09:52:55Z", 
        "beer": 6, 
        "score": 200.0, 
        "size": 0.5
    }
},
{
    "pk": 98, 
    "model": "woistbier_rest.beerprice", 
    "fields": {
        "created": "2013-10-06T10:09:46Z", 
        "price": 65, 
        "kiosk": 102, 
        "modified": "2013-10-06T10:09:46Z", 
        "beer": 10, 
        "score": 260.0, 
        "size": 0.25
    }
},
{
    "pk": 100, 
    "model": "woistbier_rest.beerprice", 
    "fields": {
        "created": "2013-10-06T13:02:44Z", 
        "price": 265, 
        "kiosk": 97, 
        "modified": "2013-10-06T17:00:59Z", 
        "beer": 17, 
        "score": 1060.0, 
        "size": 0.25
    }
},
{
    "pk": 101, 
    "model": "woistbier_rest.beerprice", 
    "fields": {
        "created": "2013-10-06T16:03:27Z", 
        "price": 75, 
        "kiosk": 97, 
        "modified": "2013-10-06T16:03:33Z", 
        "beer": 12, 
        "score": 107.142857142857, 
        "size": 0.7
    }
},
{
    "pk": 102, 
    "model": "woistbier_rest.beerprice", 
    "fields": {
        "created": "2013-10-06T16:06:42Z", 
        "price": 100, 
        "kiosk": 126, 
        "modified": "2013-10-06T16:06:42Z", 
        "beer": 12, 
        "score": 200.0, 
        "size": 0.5
    }
},
{
    "pk": 105, 
    "model": "woistbier_rest.beerprice", 
    "fields": {
        "created": "2013-10-09T06:21:28Z", 
        "price": 190, 
        "kiosk": 81, 
        "modified": "2013-10-09T06:21:28Z", 
        "beer": 11, 
        "score": 380.0, 
        "size": 0.5
    }
},
{
    "pk": 106, 
    "model": "woistbier_rest.beerprice", 
    "fields": {
        "created": "2013-10-09T15:07:50Z", 
        "price": 190, 
        "kiosk": 130, 
        "modified": "2013-10-09T15:07:50Z", 
        "beer": 25, 
        "score": 380.0, 
        "size": 0.5
    }
},
{
    "pk": 109, 
    "model": "woistbier_rest.beerprice", 
    "fields": {
        "created": "2013-10-10T14:31:04Z", 
        "price": 250, 
        "kiosk": 114, 
        "modified": "2013-10-10T14:31:04Z", 
        "beer": 13, 
        "score": 500.0, 
        "size": 0.5
    }
},
{
    "pk": 110, 
    "model": "woistbier_rest.beerprice", 
    "fields": {
        "created": "2013-10-10T14:31:23Z", 
        "price": 100, 
        "kiosk": 105, 
        "modified": "2013-10-10T14:31:23Z", 
        "beer": 10, 
        "score": 303.030303030303, 
        "size": 0.33
    }
},
{
    "pk": 111, 
    "model": "woistbier_rest.beerprice", 
    "fields": {
        "created": "2013-10-10T22:17:34Z", 
        "price": 50, 
        "kiosk": 18, 
        "modified": "2013-10-13T12:52:13Z", 
        "beer": 7, 
        "score": 200.0, 
        "size": 0.25
    }
},
{
    "pk": 112, 
    "model": "woistbier_rest.beerprice", 
    "fields": {
        "created": "2013-10-10T23:25:16Z", 
        "price": 299, 
        "kiosk": 130, 
        "modified": "2013-10-10T23:25:36Z", 
        "beer": 26, 
        "score": 598.0, 
        "size": 0.5
    }
},
{
    "pk": 113, 
    "model": "woistbier_rest.beerprice", 
    "fields": {
        "created": "2013-10-11T10:04:18Z", 
        "price": 240, 
        "kiosk": 39, 
        "modified": "2013-10-11T10:04:18Z", 
        "beer": 26, 
        "score": 960.0, 
        "size": 0.25
    }
},
{
    "pk": 114, 
    "model": "woistbier_rest.beerprice", 
    "fields": {
        "created": "2013-10-11T12:08:49Z", 
        "price": 180, 
        "kiosk": 9, 
        "modified": "2013-10-13T20:57:58Z", 
        "beer": 26, 
        "score": 360.0, 
        "size": 0.5
    }
},
{
    "pk": 115, 
    "model": "woistbier_rest.beerprice", 
    "fields": {
        "created": "2013-10-11T12:52:26Z", 
        "price": 100, 
        "kiosk": 34, 
        "modified": "2013-10-11T12:52:26Z", 
        "beer": 7, 
        "score": 200.0, 
        "size": 0.5
    }
},
{
    "pk": 116, 
    "model": "woistbier_rest.beerprice", 
    "fields": {
        "created": "2013-10-11T13:42:32Z", 
        "price": 240, 
        "kiosk": 36, 
        "modified": "2013-10-11T13:42:32Z", 
        "beer": 26, 
        "score": 727.272727272727, 
        "size": 0.33
    }
},
{
    "pk": 117, 
    "model": "woistbier_rest.beerprice", 
    "fields": {
        "created": "2013-10-11T14:00:04Z", 
        "price": 175, 
        "kiosk": 81, 
        "modified": "2013-10-11T14:00:04Z", 
        "beer": 26, 
        "score": 530.30303030303, 
        "size": 0.33
    }
},
{
    "pk": 118, 
    "model": "woistbier_rest.beerprice", 
    "fields": {
        "created": "2013-10-12T14:25:40Z", 
        "price": 105, 
        "kiosk": 133, 
        "modified": "2013-10-12T14:25:40Z", 
        "beer": 5, 
        "score": 210.0, 
        "size": 0.5
    }
},
{
    "pk": 119, 
    "model": "woistbier_rest.beerprice", 
    "fields": {
        "created": "2013-10-12T19:10:46Z", 
        "price": 100, 
        "kiosk": 134, 
        "modified": "2013-10-12T19:10:46Z", 
        "beer": 44, 
        "score": 200.0, 
        "size": 0.5
    }
},
{
    "pk": 120, 
    "model": "woistbier_rest.beerprice", 
    "fields": {
        "created": "2013-10-13T13:22:46Z", 
        "price": 220, 
        "kiosk": 81, 
        "modified": "2013-10-13T13:22:46Z", 
        "beer": 57, 
        "score": 666.666666666667, 
        "size": 0.33
    }
},
{
    "pk": 121, 
    "model": "woistbier_rest.beerprice", 
    "fields": {
        "created": "2013-10-13T13:57:37Z", 
        "price": 100, 
        "kiosk": 138, 
        "modified": "2013-10-13T13:57:37Z", 
        "beer": 5, 
        "score": 200.0, 
        "size": 0.5
    }
},
{
    "pk": 122, 
    "model": "woistbier_rest.beerprice", 
    "fields": {
        "created": "2013-10-13T14:14:11Z", 
        "price": 100, 
        "kiosk": 81, 
        "modified": "2013-10-13T14:14:11Z", 
        "beer": 6, 
        "score": 400.0, 
        "size": 0.25
    }
},
{
    "pk": 123, 
    "model": "woistbier_rest.beerprice", 
    "fields": {
        "created": "2013-10-13T17:44:20Z", 
        "price": 100, 
        "kiosk": 135, 
        "modified": "2013-10-13T17:44:20Z", 
        "beer": 34, 
        "score": 400.0, 
        "size": 0.25
    }
},
{
    "pk": 45, 
    "model": "woistbier_rest.image", 
    "fields": {
        "image": "images/download-1.jpg", 
        "kiosk": 10
    }
},
{
    "pk": 46, 
    "model": "woistbier_rest.image", 
    "fields": {
        "image": "images/IMG_20130320_161905_1.jpg", 
        "kiosk": 9
    }
},
{
    "pk": 47, 
    "model": "woistbier_rest.image", 
    "fields": {
        "image": "images/_MG_1594_v1.jpg", 
        "kiosk": 6
    }
},
{
    "pk": 48, 
    "model": "woistbier_rest.image", 
    "fields": {
        "image": "images/_MG_1577.jpg", 
        "kiosk": 6
    }
},
{
    "pk": 49, 
    "model": "woistbier_rest.image", 
    "fields": {
        "image": "images/new-york-greyscale-wallpapers_13986_1280x800.jpg", 
        "kiosk": 6
    }
},
{
    "pk": 50, 
    "model": "woistbier_rest.image", 
    "fields": {
        "image": "images/image.jpg", 
        "kiosk": 6
    }
},
{
    "pk": 51, 
    "model": "woistbier_rest.image", 
    "fields": {
        "image": "images/image_small_6.jpg", 
        "kiosk": 57
    }
},
{
    "pk": 52, 
    "model": "woistbier_rest.image", 
    "fields": {
        "image": "images/image_small_7.jpg", 
        "kiosk": 58
    }
},
{
    "pk": 53, 
    "model": "woistbier_rest.image", 
    "fields": {
        "image": "images/image_small_8.jpg", 
        "kiosk": 59
    }
},
{
    "pk": 54, 
    "model": "woistbier_rest.image", 
    "fields": {
        "image": "images/image_small_9.jpg", 
        "kiosk": 60
    }
},
{
    "pk": 55, 
    "model": "woistbier_rest.image", 
    "fields": {
        "image": "images/zFRKnhz.jpg", 
        "kiosk": 10
    }
},
{
    "pk": 56, 
    "model": "woistbier_rest.image", 
    "fields": {
        "image": "images/image_1.jpg", 
        "kiosk": 40
    }
},
{
    "pk": 57, 
    "model": "woistbier_rest.image", 
    "fields": {
        "image": "images/zFRKnhz_1.jpg", 
        "kiosk": 57
    }
},
{
    "pk": 58, 
    "model": "woistbier_rest.image", 
    "fields": {
        "image": "images/IMG_20130504_141053.jpg", 
        "kiosk": 10
    }
},
{
    "pk": 59, 
    "model": "woistbier_rest.image", 
    "fields": {
        "image": "images/IMG_20130414_012129.jpg", 
        "kiosk": 18
    }
},
{
    "pk": 60, 
    "model": "woistbier_rest.image", 
    "fields": {
        "image": "images/IMG_20130504_132255.jpg", 
        "kiosk": 39
    }
},
{
    "pk": 61, 
    "model": "woistbier_rest.image", 
    "fields": {
        "image": "images/IMG_20130313_212333_1.jpg", 
        "kiosk": 38
    }
},
{
    "pk": 62, 
    "model": "woistbier_rest.image", 
    "fields": {
        "image": "images/IMG_20130123_205203.jpg", 
        "kiosk": 33
    }
},
{
    "pk": 63, 
    "model": "woistbier_rest.image", 
    "fields": {
        "image": "images/IMG_20130117_202907_1.jpg", 
        "kiosk": 35
    }
},
{
    "pk": 64, 
    "model": "woistbier_rest.image", 
    "fields": {
        "image": "images/IMG_20130729_140432.jpg", 
        "kiosk": 18
    }
},
{
    "pk": 65, 
    "model": "woistbier_rest.image", 
    "fields": {
        "image": "images/front.jpg", 
        "kiosk": 10
    }
},
{
    "pk": 66, 
    "model": "woistbier_rest.image", 
    "fields": {
        "image": "images/arnold-schwarzenegger.jpg", 
        "kiosk": 18
    }
},
{
    "pk": 67, 
    "model": "woistbier_rest.image", 
    "fields": {
        "image": "images/SaeOtterRaft.jpg", 
        "kiosk": 10
    }
},
{
    "pk": 68, 
    "model": "woistbier_rest.image", 
    "fields": {
        "image": "images/celebrity-derp-face-beyonce.jpg", 
        "kiosk": 10
    }
},
{
    "pk": 69, 
    "model": "woistbier_rest.image", 
    "fields": {
        "image": "images/otter.jpg", 
        "kiosk": 40
    }
},
{
    "pk": 70, 
    "model": "woistbier_rest.image", 
    "fields": {
        "image": "images/IMG-20121027-WA0000.jpg", 
        "kiosk": 40
    }
},
{
    "pk": 71, 
    "model": "woistbier_rest.image", 
    "fields": {
        "image": "images/back.jpeg", 
        "kiosk": 29
    }
},
{
    "pk": 72, 
    "model": "woistbier_rest.image", 
    "fields": {
        "image": "images/image_small_10.jpg", 
        "kiosk": 82
    }
},
{
    "pk": 76, 
    "model": "woistbier_rest.image", 
    "fields": {
        "image": "images/image_small_11.jpg", 
        "kiosk": 99
    }
},
{
    "pk": 89, 
    "model": "woistbier_rest.image", 
    "fields": {
        "image": "images/temp_1.jpg", 
        "kiosk": 81
    }
},
{
    "pk": 90, 
    "model": "woistbier_rest.image", 
    "fields": {
        "image": "images/temp_2.jpg", 
        "kiosk": 81
    }
},
{
    "pk": 98, 
    "model": "woistbier_rest.image", 
    "fields": {
        "image": "images/temp_10.jpg", 
        "kiosk": 81
    }
},
{
    "pk": 99, 
    "model": "woistbier_rest.image", 
    "fields": {
        "image": "images/temp_11.jpg", 
        "kiosk": 81
    }
},
{
    "pk": 102, 
    "model": "woistbier_rest.image", 
    "fields": {
        "image": "images/temp_14.jpg", 
        "kiosk": 99
    }
},
{
    "pk": 104, 
    "model": "woistbier_rest.image", 
    "fields": {
        "image": "images/temp_16.jpg", 
        "kiosk": 36
    }
},
{
    "pk": 105, 
    "model": "woistbier_rest.image", 
    "fields": {
        "image": "images/temp_17.jpg", 
        "kiosk": 36
    }
},
{
    "pk": 106, 
    "model": "woistbier_rest.image", 
    "fields": {
        "image": "images/temp_18.jpg", 
        "kiosk": 10
    }
},
{
    "pk": 107, 
    "model": "woistbier_rest.image", 
    "fields": {
        "image": "images/temp_19.jpg", 
        "kiosk": 10
    }
},
{
    "pk": 108, 
    "model": "woistbier_rest.image", 
    "fields": {
        "image": "images/image_4.jpg", 
        "kiosk": 40
    }
},
{
    "pk": 110, 
    "model": "woistbier_rest.image", 
    "fields": {
        "image": "images/temp_21.jpg", 
        "kiosk": 10
    }
},
{
    "pk": 111, 
    "model": "woistbier_rest.image", 
    "fields": {
        "image": "images/temp_22.jpg", 
        "kiosk": 97
    }
},
{
    "pk": 112, 
    "model": "woistbier_rest.image", 
    "fields": {
        "image": "images/temp_23.jpg", 
        "kiosk": 97
    }
},
{
    "pk": 113, 
    "model": "woistbier_rest.image", 
    "fields": {
        "image": "images/image_small_12.jpg", 
        "kiosk": 100
    }
},
{
    "pk": 117, 
    "model": "woistbier_rest.image", 
    "fields": {
        "image": "images/image_small_14.jpg", 
        "kiosk": 107
    }
},
{
    "pk": 118, 
    "model": "woistbier_rest.image", 
    "fields": {
        "image": "images/IMG_20130926_174128.jpg", 
        "kiosk": 107
    }
},
{
    "pk": 119, 
    "model": "woistbier_rest.image", 
    "fields": {
        "image": "images/Minion_113.jpg", 
        "kiosk": 107
    }
},
{
    "pk": 120, 
    "model": "woistbier_rest.image", 
    "fields": {
        "image": "images/temp_26.jpg", 
        "kiosk": 10
    }
},
{
    "pk": 121, 
    "model": "woistbier_rest.image", 
    "fields": {
        "image": "images/temp_27.jpg", 
        "kiosk": 10
    }
},
{
    "pk": 122, 
    "model": "woistbier_rest.image", 
    "fields": {
        "image": "images/temp_28.jpg", 
        "kiosk": 35
    }
},
{
    "pk": 123, 
    "model": "woistbier_rest.image", 
    "fields": {
        "image": "images/temp_29.jpg", 
        "kiosk": 10
    }
},
{
    "pk": 124, 
    "model": "woistbier_rest.image", 
    "fields": {
        "image": "images/temp_30.jpg", 
        "kiosk": 10
    }
},
{
    "pk": 127, 
    "model": "woistbier_rest.image", 
    "fields": {
        "image": "images/temp_33.jpg", 
        "kiosk": 101
    }
},
{
    "pk": 128, 
    "model": "woistbier_rest.image", 
    "fields": {
        "image": "images/temp_34.jpg", 
        "kiosk": 97
    }
},
{
    "pk": 133, 
    "model": "woistbier_rest.image", 
    "fields": {
        "image": "images/temp_39.jpg", 
        "kiosk": 125
    }
},
{
    "pk": 134, 
    "model": "woistbier_rest.image", 
    "fields": {
        "image": "images/temp_40.jpg", 
        "kiosk": 126
    }
},
{
    "pk": 135, 
    "model": "woistbier_rest.image", 
    "fields": {
        "image": "images/IMG_20130819_143621.jpg", 
        "kiosk": 34
    }
},
{
    "pk": 136, 
    "model": "woistbier_rest.image", 
    "fields": {
        "image": "images/temp_41.jpg", 
        "kiosk": 129
    }
},
{
    "pk": 137, 
    "model": "woistbier_rest.image", 
    "fields": {
        "image": "images/Despicable_Me_110.jpg", 
        "kiosk": 41
    }
},
{
    "pk": 138, 
    "model": "woistbier_rest.image", 
    "fields": {
        "image": "images/IMG_20130819_143621_1.jpg", 
        "kiosk": 41
    }
},
{
    "pk": 139, 
    "model": "woistbier_rest.image", 
    "fields": {
        "image": "images/1st_1.jpg", 
        "kiosk": 10
    }
},
{
    "pk": 140, 
    "model": "woistbier_rest.image", 
    "fields": {
        "image": "images/image_5.jpg", 
        "kiosk": 41
    }
},
{
    "pk": 141, 
    "model": "woistbier_rest.image", 
    "fields": {
        "image": "images/image_6.jpg", 
        "kiosk": 41
    }
},
{
    "pk": 142, 
    "model": "woistbier_rest.image", 
    "fields": {
        "image": "images/image_7.jpg", 
        "kiosk": 41
    }
},
{
    "pk": 143, 
    "model": "woistbier_rest.image", 
    "fields": {
        "image": "images/image_8.jpg", 
        "kiosk": 41
    }
},
{
    "pk": 144, 
    "model": "woistbier_rest.image", 
    "fields": {
        "image": "images/3809669_3_dpa_14852E00A89DAD9E.jpg", 
        "kiosk": 45
    }
},
{
    "pk": 145, 
    "model": "woistbier_rest.image", 
    "fields": {
        "image": "images/RDu8lk0.jpg", 
        "kiosk": 45
    }
},
{
    "pk": 146, 
    "model": "woistbier_rest.image", 
    "fields": {
        "image": "images/image_9.jpg", 
        "kiosk": 43
    }
},
{
    "pk": 147, 
    "model": "woistbier_rest.image", 
    "fields": {
        "image": "images/front_1.jpg", 
        "kiosk": 43
    }
},
{
    "pk": 150, 
    "model": "woistbier_rest.image", 
    "fields": {
        "image": "images/image_small_17.jpg", 
        "kiosk": 44
    }
},
{
    "pk": 151, 
    "model": "woistbier_rest.image", 
    "fields": {
        "image": "images/image_small_18.jpg", 
        "kiosk": 41
    }
},
{
    "pk": 152, 
    "model": "woistbier_rest.image", 
    "fields": {
        "image": "images/image_small_19.jpg", 
        "kiosk": 41
    }
},
{
    "pk": 153, 
    "model": "woistbier_rest.image", 
    "fields": {
        "image": "images/image_small_20.jpg", 
        "kiosk": 41
    }
},
{
    "pk": 154, 
    "model": "woistbier_rest.image", 
    "fields": {
        "image": "images/image_small_21.jpg", 
        "kiosk": 37
    }
},
{
    "pk": 157, 
    "model": "woistbier_rest.image", 
    "fields": {
        "image": "images/temp_44.jpg", 
        "kiosk": 130
    }
},
{
    "pk": 161, 
    "model": "woistbier_rest.image", 
    "fields": {
        "image": "images/image_small_22.jpg", 
        "kiosk": 42
    }
},
{
    "pk": 162, 
    "model": "woistbier_rest.image", 
    "fields": {
        "image": "images/temp_48.jpg", 
        "kiosk": 40
    }
},
{
    "pk": 163, 
    "model": "woistbier_rest.image", 
    "fields": {
        "image": "images/temp_49.jpg", 
        "kiosk": 10
    }
},
{
    "pk": 164, 
    "model": "woistbier_rest.image", 
    "fields": {
        "image": "images/temp_50.jpg", 
        "kiosk": 9
    }
},
{
    "pk": 165, 
    "model": "woistbier_rest.image", 
    "fields": {
        "image": "images/image_small_23.jpg", 
        "kiosk": 46
    }
},
{
    "pk": 166, 
    "model": "woistbier_rest.image", 
    "fields": {
        "image": "images/image_small_24.jpg", 
        "kiosk": 46
    }
},
{
    "pk": 167, 
    "model": "woistbier_rest.image", 
    "fields": {
        "image": "images/image_small_25.jpg", 
        "kiosk": 37
    }
},
{
    "pk": 168, 
    "model": "woistbier_rest.image", 
    "fields": {
        "image": "images/image_small_26.jpg", 
        "kiosk": 10
    }
},
{
    "pk": 169, 
    "model": "woistbier_rest.image", 
    "fields": {
        "image": "images/image_small_27.jpg", 
        "kiosk": 10
    }
},
{
    "pk": 170, 
    "model": "woistbier_rest.image", 
    "fields": {
        "image": "images/temp_51.jpg", 
        "kiosk": 133
    }
},
{
    "pk": 171, 
    "model": "woistbier_rest.image", 
    "fields": {
        "image": "images/image_small_28.jpg", 
        "kiosk": 47
    }
},
{
    "pk": 172, 
    "model": "woistbier_rest.image", 
    "fields": {
        "image": "images/temp_52.jpg", 
        "kiosk": 134
    }
},
{
    "pk": 173, 
    "model": "woistbier_rest.image", 
    "fields": {
        "image": "images/temp_53.jpg", 
        "kiosk": 136
    }
},
{
    "pk": 174, 
    "model": "woistbier_rest.image", 
    "fields": {
        "image": "images/temp_54.jpg", 
        "kiosk": 137
    }
},
{
    "pk": 175, 
    "model": "woistbier_rest.image", 
    "fields": {
        "image": "images/temp_55.jpg", 
        "kiosk": 100
    }
}
]
